微博id,微博正文,原始图片url,微博视频url,发布位置,发布时间,发布工具,点赞数,转发数,评论数
IqyZhFSX0,[置顶]新型冠状病毒肺炎疫情地图及实时更新播报，愿每个人平安详情请见>>愿每个人平安 [组图共3张]原图,"http://ww2.sinaimg.cn/large/75b52ed2ly1gc3qkpa65cj20qt0rrjt0.jpg,http://ww2.sinaimg.cn/large/75b52ed2ly1gc3qkoxpx5j20r20kqt9t.jpg,http://ww3.sinaimg.cn/large/75b52ed2ly1gc3qkoli5cj20kv0ua76n.jpg",无,无,2020-01-21 23:12,无,689,205,214
IA1rLiOM9,【国际奥委会委员：2020年东京奥运会将推迟至2021年】据资深国际奥委会委员迪克·庞德当地时间23日透露，2020年东京奥运会将推迟至2021年，而有关细节将在未来四周内制定。“根据国际奥委会提供的信息，已决定推迟东京奥运会。尚不确定推迟的具体计划，但东京奥运会将不会在7月24日开始，这就是我知道的”。国际奥委会委员：2020年东京奥运会将推迟至2021年                原图                            ,http://wx4.sinaimg.cn/large/75b52ed2ly1gd4iany2ipj20n00h9jru.jpg,无,无,2020-03-24 04:12,无,14,5,7
IzZp2a6Ue,#深夜饭馆#【腌笃鲜】江南第一鲜，就是这一碗！春天到了，今天给大家奉上这道经典的“春之味”！美食台foodvideo的秒拍视频 ,无,"http://gslb.miaopai.com/stream/W0xqqtss3M187mFItsF3lw__.mp4?yx=&refer=weibo_app&vend=weibo&label=mp4_hd&mpflag=8&Expires=1585005111&ssig=OYbH7NIhBE&KID=unistore,video",无,2020-03-23 23:00,微博 weibo.com,38,45,15
IzZcReYJD,#深夜尬聊# 疫情结束后，你最想吃的东西是什么？ 原图,http://wx4.sinaimg.cn/large/75b52ed2ly1gd0ihs2edrj20xc0isgn6.jpg,无,无,2020-03-23 22:30,微博 weibo.com,37,3,25
IzX8vCOtb,"【社区回应""允许洋女婿居家隔离"":未违规 将安抚居民】针对英国籍男子回沪后拒绝集中隔离一事，3月23日，上海市静安区三泉路居委会所属的彭浦新村街道办事处回应称，三泉路居委会允许涉事外籍男子居家隔离的做法，符合上海疫情防控的有关规定，“他（涉事英国籍男子）能从机场出来，肯定也是经过机场一定的检测流程。可能有一些具体防控流程没有披露引起了误解，居委会的做法并未违规。”3月14日，一位去过德国、法国、瑞士，最终通过中国台北转机回到上海的英国籍女婿，在回到社区后，丈母娘和他刚坐完月子的妻子都希望他去集中隔离点进行医学观察，以免影响2个月大的孩子，但遭到男子拒绝。家属沟通无效后，三泉路517弄居委会负责人协调由其妻子带着母亲和女儿住到亲属家，房子留给该外籍男子单独居住，进行居家隔离。社区回应""允许洋女婿居家隔离"":未违规 将安抚居民                原图                            ",http://wx4.sinaimg.cn/large/75b52ed2ly1gd3z9l1m16j20d608gt8x.jpg,无,无,2020-03-23 17:13,无,436,25,76
IzX6RkQor,【#国家电网决心退出房地产业务#】中央纪委国家监委网站3月22日公布对国家电网第三轮巡视整改进展情况。其中称，国家电网下决心退出传统制造业和房地产业务。目前，集体企业深化改革实施方案已获国资委批复，确保2020年6月全部完成。要加强对宾馆酒店改革督办整改，积极研究市场化宾馆酒店改革模式。国家电网通报巡视整改进展：下决心退出房地产业务                原图                            ,http://wx3.sinaimg.cn/large/75b52ed2ly1gd3z5d6f3sj20be08440b.jpg,无,无,2020-03-23 17:09,无,35,4,24
IzWmZeo4p,【女留学生归国未集中隔离回家 官方:已赴集中隔离点】杭州西湖区文鼎苑未成年留学生程某某未实行集中隔离一事，引起社会关注。今日，当事人父亲主动提出赴集中隔离点隔离，并通过微博向网民做了说明，目前程某某已集中隔离。经初步调查，当事人父母不是公职人员，也不是党员领导干部，没有发现说情打招呼行为，将进一步核实调查。女留学生归国未集中隔离回家 官方:已赴集中隔离点                原图                            ,http://wx4.sinaimg.cn/large/75b52ed2ly1gd3vvr3eunj20k00e30tb.jpg,无,无,2020-03-23 15:16,无,196,14,46
IzWdBoKXq,"【麦当娜曝争议言论 称新冠病毒是""最伟大的均衡器""】据外媒报道，麦当娜近日在个人社交网站晒出视频，称冠状病毒为“伟大的均衡器”。她表示，“它不在乎你有多有钱，你有多出名，你有多有趣，你有多聪明，你住在哪里，你多大了，你能讲多少令人惊奇的故事。这是一个伟大的均衡器，它的可怕之处在于它的伟大之处。可怕的是，它使我们在许多方面都平等，而奇妙的是，它使我们在许多方面都平等。”据悉，麦当娜目前正在伦敦与男友和女儿隔离。麦当娜曝争议言论 称新冠病毒是""最伟大的均衡器""                原图                            ",http://wx1.sinaimg.cn/large/75b52ed2gy1gd3v7py0r4j20hi0cugut.jpg,无,无,2020-03-23 14:53,微博 weibo.com,293,29,83
IzVPMgyhj,【 #泰国回国女子大闹重庆机场#，拒绝隔离并辱骂工作人员和旅客】3月22日，一段“疑似从泰国普吉岛回国女子大闹重庆机场”的视频引起网友热议。该女子自称11号从泰国落地上海，上海转机重庆，家人在医院病重。女子情绪激动，拒绝隔离，爆粗口与防疫人员产生争执，并撕毁防疫登记旅客信息表，随后该女子还与一旁仗义执言的旅客发生口角。#重庆机场# @易视频  http://t.cn/A6zDZclp                                ,无,无,无,2020-03-23 13:54,无,70,14,50
IzUSZ3ROo,【澳大利亚奥委会：今年夏天“无法集结”参与奥运会】澳大利亚奥委会全体执委一致表示：由于选手们不能保障正常训练，代表团将无法在今年7月集结。虽然国际奥委会将在四周之内做出是否将东京奥运会延期的决定，但澳大利亚已经提前通知选手，提前做好奥运会延期一年的准备，备战2021年夏季东京奥运会。此外，加拿大已表示，将不会派团参加东京奥运会。澳大利亚奥委会：今年夏天“无法集结”参与奥运会            [组图共2张]    原图                            ,"http://ww1.sinaimg.cn/large/75b52ed2ly1gd3pbx791mj20jg0cz74h.jpg,http://ww4.sinaimg.cn/large/75b52ed2ly1gd3pbxc42qj20b20hfwez.jpg",无,无,2020-03-23 11:30,无,14,5,4
IzDNjloPY,【#老人无健康码被众人赶下车# 乘客集体驱逐责骂，大喊：下去】3月20日，江苏镇江火车站北广场站台，目击者乘坐公交见到这样一幕：因公交公司有硬性规定，乘客必须扫码，司机才能发车，有些使用老年机的老人被迫下车。只有一位大爷迟迟不肯下车，僵持20多分钟。因为耽误了时间，不少乘客纷纷指责这位老人，大喊“下去”，如果不下车就要报警。 也有乘客觉得这位老人可怜，帮助这位老人申请健康码，但是因手机网络问题，未能解决，最终窘迫的老人不得不在乘客们的驱逐中下车。如果你是乘客，你会赶老人下车吗？ 无健康码就不能乘车，该作为硬性规定吗？ @易视频  http://t.cn/A6z3jfSh                                ,无,无,无,2020-03-21 15:59,无,683,77,178
IzDd521NB,【致敬，#与死神打交道的采集人员# ！】来自福建援鄂医疗队的雷乐莺，是一名咽拭子采集组长。她每天要近距离接触患者，确诊新冠肺炎以及确定感染者是否达到治愈出院标准。像这样的高危采集工作，她每天会重复70余次。@新华网 联合@网易新闻 ，共同打造疫情故事栏目#让TA来告诉你# 这一次，让我们听@張鈞甯 讲述，一同见证奋战在抗“疫”一线中，每一位平凡英雄的真实故事。#张钧甯讲述战疫故事# @网易新闻客户端 @上流君 @网易健康  新华网的秒拍视频                                ,无,无,无,2020-03-21 14:30,无,17,3,2
IzBrrwCIi,晚上睡不着，白天特困户？越来越多的重度失眠患者想拥有一次高质量的睡眠，但无奈每天还是手机陪自己熬夜修仙。今天是世界睡眠日，网易新闻给大家送上几个助眠小妙招，希望大家今晚睡个好觉，明天起来精神抖擞！关注@网易新闻客户端 并转发微博，我们将于3月25日抽1名幸运粉丝，送出【网易云音乐氧气蓝牙耳机】一台，助你睡个好觉！            [组图共6张]    原图                            ,"http://ww1.sinaimg.cn/large/75b52ed2gy1gd0vzt73ndj20u01gr4qp.jpg,http://ww3.sinaimg.cn/large/75b52ed2gy1gd0vzt8xjgj20u01gr7wh.jpg,http://ww4.sinaimg.cn/large/75b52ed2gy1gd0vzt85s1j20u01grb29.jpg,http://ww1.sinaimg.cn/large/75b52ed2gy1gd0vzvu6q0j20u01gr1kx.jpg,http://ww3.sinaimg.cn/large/75b52ed2gy1gd0vzw03q2j20u01gr7wh.jpg,http://ww3.sinaimg.cn/large/75b52ed2gy1gd0vzvux4qj20u01gr1kx.jpg",无,无,2020-03-21 10:00,微博 weibo.com,44,162,60
Izx7xBbo6,#深夜饭馆#【茄汁脆皮豆腐】一道非常简单上手的家常菜，简直不要太下饭~做菜指南的微博视频 ,无,"http://f.video.weibocdn.com/ZTt4Rg5blx07BI3Mpi2401041200iyul0E010.mp4?label=mp4_hd&template=576x1024.24.0&trans_finger=7c347e6ee1691b93dc7e5726f4ef34b3&Expires=1585005119&ssig=dW10OonqeE&KID=unistore,video",无,2020-03-20 23:00,微博 weibo.com,192,147,13
IzwVmEKm6,#深夜尬聊# 你每天熬夜熬到很晚，都在做什么？ 原图,http://wx1.sinaimg.cn/large/75b52ed2gy1gcvpdsic8ij208u05p3ym.jpg,无,无,2020-03-20 22:30,微博 weibo.com,28,1,30
IzvB7EJC4,【海外华人亲述：曾因戴口罩与当地人争执，若回国路上更危险】#意大利疫情##海外抗疫日记#新冠肺炎全球疫情蔓延，欧洲“沦为”震中。目前意大利疫情发展迅速，从最初的两例一路飙升至数万例，确诊人数居欧洲首位，最近每日以4位数的人数新增。在漫天的媒体报道中，我们看到的是被搬空的超市货架、空荡荡的罗马许愿池，以及各地层出不迭的“全民阳台音乐会”。不少国内人疑惑意大利人为何不爱戴口罩？民众受到疫情多大的影响？疫情是否有缓解的趋势？@岱琳 @五更希洛 @赵小轩ZX @Geniebazinga，四位在意华人这样说。圆心|在意华人亲述:曾因戴口罩与当地人争执 若回国路上更危险 在意华人亲述：曾因戴口罩与当地人争执 若回国路上更危险                                ,无,无,无,2020-03-20 19:07,微博 weibo.com,131,28,35
IzuXydpoO,#妈妈被熊孩子气到跳楼# 3月19日晚，河南平顶山市，119指挥中心接到报警称：某小区有人跳楼，消防立即出动2部消防车12名消防员赶赴现场进行救援，随后得知【跳楼人员为女性，因为小孩不写作业生气想跳楼】。跳楼人员位于5楼阳台处，到场时邻居一直在劝说，但跳楼人员一直不说话，已经在阳台坐了20分钟。了解情况后，副中队长王大宇立即安排部署两套救援方案，一套方案由两名消防员上到5楼顶，准备索降救援，并安排一名消防员站在卧室门口准备随时破门，抱住跳楼者；另一套方案由王大宇副中队长通过阳台劝说跳楼人员，经过7分钟的劝说跳楼人员答应下来，因为卧室门损坏，无法正常打开，消防员经跳楼者同意直接破门进入，将她扶下来。随后，当事家长说因为孩子不写作业太生气才冲动，孩子也在消防员的劝告下，跪着向妈妈道歉。孩子要听妈妈的话好好学习，家长也要有耐心，不要冲动呀！ http://t.cn/A6zEn6YW                                ,无,无,无,2020-03-20 17:29,无,46,6,26
IzuiSpXNG,#鄂州群众跪地送行援鄂医疗队#【贵州援鄂医疗队返程，群众突然手捧国旗跪地磕头送行】3月20日，贵州援鄂医疗队开始撤离，433人首批返程。已救治766例患者，未发生一例医护人员感染，真正做到了“齐齐整整、平平安安”。援鄂医疗队返程去往机场途中，鄂州百姓夹道欢迎，高喊“一路平安”。送行队伍中，一位鄂州大叔双手持国旗，跪谢送别贵州医疗队，瞬间让人泪崩。谢谢你们，为我们拼过命！你们是最可爱的人 @易视频 http://t.cn/A6znAWUb                                ,无,无,无,2020-03-20 15:49,微博 weibo.com,310,11,60
IztdkoXYQ,【北京奔驰女不配合疫情防控 还污蔑警察非礼她】北京某小区，一名女子拒不出示出门条，不配合测量体温，企图直接驾驶奔驰越野车闯卡。民警赶到后，她在众目睽睽下大喊警察非礼，称要让律师起诉民警，并锁上奔驰车要离开现场，全然不管自己的车堵住了大门。情绪恢复平静后，女子表示自己是一家公司的老总，突发的疫情把公司规划全打乱了，心情很是糟糕，把怨气撒在了防疫工作人员和民警身上。最终，晋某因阻碍执行职务被警方行政拘留。北京奔驰女不配合疫情防控 还污蔑警察非礼她            [组图共6张]    原图                            ,"http://ww2.sinaimg.cn/large/75b52ed2ly1gd0b608n6lj20u00gwgof.jpg,http://ww3.sinaimg.cn/large/75b52ed2ly1gd0b608hbyj20u00gwacd.jpg,http://ww4.sinaimg.cn/large/75b52ed2ly1gd0b608grij20u00gwjsr.jpg,http://ww3.sinaimg.cn/large/75b52ed2ly1gd0b608ihxj20u00gwmzh.jpg,http://ww4.sinaimg.cn/large/75b52ed2ly1gd0b608imgj20u00gw0ty.jpg,http://ww1.sinaimg.cn/large/75b52ed2ly1gd0b608h4gj20u00gwjso.jpg",无,无,2020-03-20 13:03,微博 weibo.com,362,48,142
Izt44AuqK,【武汉市中心医院又一名员工感染新冠肺炎离世】3月20日上午，记者从武汉市中心医院多名医护人员处获悉，武汉市中心医院伦理委员会成员刘励因感染新冠肺炎，不幸于3月20日上午离世。多名医院内部医护人员介绍，他们上午在工作群中看到有同事发布此消息，刘励系该医院肝胆胰外科主任蔡常春的妻子，两人一直在医院工作。蔡常春未感染新冠肺炎。武汉市中心医院又一名员工感染新冠肺炎离世                原图                            ,http://wx3.sinaimg.cn/large/75b52ed2ly1gd0ai7dgqxj20u00u016a.jpg,无,无,2020-03-20 12:40,无,131,18,37
Izt0J8dxM,【多地新增病例清零，他们仍#坚守到战疫最后一刻#】冬去春来，万物复苏，各地复工复产有序进行中。然而在湖北等地，依然有很多医生、护士、警察，志愿者等仍旧坚守在防疫阵地。@新华网 联合@网易新闻客户端 ，共同打造疫情故事栏目 #让TA来告诉你# 。这一次，让我们听@沈腾 讲述，一同见证这些“逆行者”的战疫故事！#沈腾讲述战疫故事#@网易新闻客户端 @网易健康  新华网的秒拍视频                                ,无,无,无,2020-03-20 12:32,微博 weibo.com,19,1,7
IzsWi2sDm,【东莞“最靓的仔”骑电动车载5女被拘:5女均未成年】3月18日，广东东莞。“最靓的仔”骑电动车载5名女生，交警对驾驶员无证驾驶等行为处以行拘罚款。5名女生均未成年，被批评教育。驾驶员称，曾拒两次，“第三次还是那样烦我”。澎湃新闻的微博视频 ,无,"http://f.video.weibocdn.com/004oX4tagx07BOWEEZpm01041200fY1I0E010.mp4?label=mp4_hd&template=852x480.25.0&trans_finger=1621fcd5d40969f1c74e6b06e52fcd54&Expires=1585005124&ssig=6nutyEPOWM&KID=unistore,video",无,2020-03-20 12:21,微博 weibo.com,67,16,34
Izsi1sHYb,【特朗普讲话稿“新冠病毒”被手写改为“中国病毒”】美国总统特朗普19日在白宫新闻发布会上的讲稿被拍下，照片显示，稿件中的“新冠病毒”被划掉，手写改为了“中国病毒”。CNN报道称，随着美国新冠病毒感染人数的与日俱增，特朗普开始改变调门，努力想把中国当成“替罪羊”。在咨询过医学专家以及参考世卫组织的指导意见后，CNN认为，“中国病毒”这个说法不准确而且是污名化。特朗普讲话稿“新冠病毒”被手写改为“中国病毒”                原图                            ,http://wx2.sinaimg.cn/large/75b52ed2ly1gd0732vpsjj20l40e33yw.jpg,无,无,2020-03-20 10:42,无,146,16,56
Izsey28k4,【国家队首例！中国重剑3队员确诊 匈牙利参赛后感染】中国重剑队自本赛季开始后，一直在海外征战，原计划在最后一站奥运会资格赛(3月22-24日)结束后回国。后因国际剑联宣布取消未来一个月所有的国际比赛，队伍立刻改变行程，一行13人于匈牙利当地时间3月16日乘机回到国内。此前队伍参加了3月6-8日在匈牙利举行的世界杯大奖赛。在接受入境检疫时，三名队员核酸检测阳性，确诊感染新冠肺炎。目前在北京市疾控中心安排医院得到了精心治疗和照顾，轻症，其他队友隔离接受医学观察。国家队首例!中国重剑3队员确诊 匈牙利参赛后感染                原图                            ,http://wx3.sinaimg.cn/large/75b52ed2ly1gd06u6afo8j20qm0jvwfm.jpg,无,无,2020-03-20 10:33,无,9,5,4
IznH3mBnC,#深夜饭馆#【家庭版烧烤】想吃烧烤却找不到馆子？在家就能自己做，简单又好吃！美食小吃世界的微博视频 ,无,"http://f.video.weibocdn.com/XSs132dAlx07BHpFywWQ010412009uqx0E010.mp4?label=mp4_hd&template=852x480.25.0&trans_finger=62b30a3f061b162e421008955c73f536&Expires=1585005126&ssig=XYRmcvMywO&KID=unistore,video",无,2020-03-19 23:00,微博 weibo.com,309,236,40
IznuS4XyX,#深夜尬聊# 有哪些年代久远却历久弥新的神作？ 原图,http://wx3.sinaimg.cn/large/75b52ed2gy1gcvp9yuidbj20fa09x3yw.jpg,无,无,2020-03-19 22:30,微博 weibo.com,69,8,47
IzmclcJjb,【国家监委调查组公布李文亮医生相关问题的调查结果】2020年2月7日，国家监委成立调查组，就群众反映的涉及李文亮医生的有关情况依法开展调查。现将调查情况通报如下：2019年12月，湖北省部分医院陆续收治了一些不明原因的肺炎病人。12月27日，湖北省中西医结合医院张继先医生向医院报告了其接诊3例不明原因肺炎患者情况。当天，武汉市疾控中心安排进行了流行病学调查和检测。12月29日，湖北省中西医结合医院又报告发现4例来自于华南海鲜市场的不明原因肺炎病例。武汉市卫健委组织专家团队进行调查，并于12月30日15时10分、18时50分在系统内下发《关于报送不明原因肺炎救治情况的紧急通知》等两份部门文件，要求做好不明原因肺炎救治工作，全面开展华南海鲜市场相关肺炎病例搜索和回顾性调查。该两份通知分别于当天15时22分和19时许被人上传到互联网上。2019年12月30日17时30分左右，李文亮医生收到同事发给他的信息，17时43分，李文亮医生在微信群中转发、发布“华南水果海鲜市场确诊了7例SARS”“在我们医院后湖院区急诊科隔离”等信息。18时42分，又在该群发布“最新消息是，冠状病毒感染确定了，正在进行病毒分型”“大家不要外传，让家人亲人注意防范”。按照武汉市关于不明原因肺炎疫情防控工作安排，武汉市公安机关依据传染病防治、治安管理等法律法规，以及市卫健委的情况通报，对在网上出现的转发、发布SARS等传染病信息情况进行了调查处置。2020年1月3日13时30分左右，武汉市公安局武昌分局中南路派出所与李文亮医生联系后，李文亮医生在同事陪同下来到该派出所。经谈话核实后，谈话人员现场制作了笔录并对李文亮医生制作了训诫书。调查通报详细公布了李文亮医生的发病、治疗、抢救以及抚恤、善后等情况。组织抢救的医生说，李文亮医生是我们的同事，又很年轻，我们不希望他走，只要有一点希望我们就不愿放弃，当时没有想其他任何因素，就是想救活他，所以抢救了很长时间。据为李文亮医生会诊的院外专家讲，从李文亮医生病案看，医院治疗比较规范，能够根据病情调整药物和措施。医院建议采取和实际采取的重要医疗措施，均征求了李文亮医生或其家属意见。调查组的工作建议是：由于中南路派出所出具训诫书不当，执法程序不规范，调查组已建议湖北省武汉市监察机关对此事进行监督纠正，督促公安机关撤销训诫书并追究有关人员责任，及时向社会公布处理结果。国家监委调查组:督促公安机关撤销李文亮训诫书                原图                            ,http://wx1.sinaimg.cn/large/75b52ed2ly1gczg6wqgpwj20hn0j03zb.jpg,无,无,2020-03-19 19:11,无,423,60,285
IzmbG5dRQ,新冠疫情蔓延全球，在这支6分钟的视频里，我们梳理了2个月来日本、韩国、意大利、伊朗的疫情发展节点，让你看懂日韩两国是如何逐渐控制疫情，意大利伊朗又是如何相继“沦陷”的。  网易新闻客户端的微博视频 ,无,"http://f.video.weibocdn.com/B4ySl9Vplx07BPer3G4M01041200zj6G0E010.mp4?label=mp4_hd&template=852x480.25.0&trans_finger=62b30a3f061b162e421008955c73f536&Expires=1585005127&ssig=Wu5%2BeeILNu&KID=unistore,video",无,2020-03-19 19:10,微博视频,42,24,8
IzldBq5WZ,"【澳籍""跑步女""被辞退 警方：注销工作许可 限期离境】北京市公安局出入境管理局依据相关规定，决定依法注销梁某妍工作类居留许可、限期离境。梁某妍，女，47岁，澳大利亚籍，就职于拜耳医药保健有限公司。3月15日下午，本应在租住地居家观察的梁某妍，未戴口罩在小区内跑步，社区卫生防疫工作人员发现后进行劝阻，但该人情绪激动，拒不配合。民警到场后，对梁某妍进行了批评教育，要求其严格遵守疫情防控相关规定，梁某妍表示服从管理，未再外出。梁某妍的行为在网上曝光后，所在公司对其辞退处理。澳籍""跑步女""被辞退 警方：注销工作许可 限期离境                原图                            ",http://wx2.sinaimg.cn/large/75b52ed2ly1gczbv7liq1j20u00u016a.jpg,无,无,2020-03-19 16:42,无,136,18,48
IzjVDDjg6,【坚守疫情一线！#高速路上的守门人#】疫情防控以来，来自河北雄安新区雄县的公安、交通、卫生检疫部门的十二位同志，不分昼夜地轮守在高速路口。他们，把疫情拦在身前，把群众护在身后。@新华网 联合@网易新闻客户端 ，共同打造疫情故事栏目#让TA来告诉你#。这一次，让我们听@陈数 讲述，一同见证这些平凡英雄的抗“疫”故事。#陈数讲述战疫故事#@网易新闻客户端 @上流君 @网易健康 新华网的秒拍视频                                ,无,无,无,2020-03-19 13:25,微博 weibo.com,21,0,6
IzjNeoR6e,【美留学生回国拒绝检测隔离 父亲:和领导打好招呼了】3月18日，杭州一小区，一美国留学生回国后未隔离检测想直接回小区，遭到阻拦后，女子父亲说可以不用集中隔离，直接带回小区，并称自己已经和各级领导打过招呼了，众人无奈只能放行。星视频的微博视频 美留学生回国拒绝检测隔离 父亲:和领导打好招呼了 ,无,"http://f.video.weibocdn.com/003w439Kgx07BOMtb3Jd01041200htst0E010.mp4?label=mp4_hd&template=852x480.25.0&trans_finger=62b30a3f061b162e421008955c73f536&Expires=1585005130&ssig=3oM30ZCh3k&KID=unistore,video",无,2020-03-19 13:04,微博 weibo.com,3579,477,888
IzjmKkieU,【女子回国后拒隔离大闹医院 警方劝说无果将其抬走】3月18日，广东河源一名境外输入人员抗拒隔离观察，在医院叫喊“我又没病，干嘛要隔离”。据悉，该女子曾与确诊患者密切接触。民警劝说无果后，果断采取措施，将其强制医学隔离。女子回国后拒隔离大闹医院 警方劝说无果将其抬走 http://t.cn/A6zH9XUJ ,无,无,无,2020-03-19 11:59,微博 weibo.com,149,8,57
Izjhweilv,"【澳籍华人""跑步女""怎么样了？保安:事后其未再外出】澳籍女子抵京后不顾阻拦执意外出跑步，与防疫人员起争执一事引发关注。3月18日，事发小区保安表示，涉事女子是小区唯一外籍人员，民警上门劝阻后，已在家配合隔离，事发后一直没有下楼。隔离期间，社区会提供相应服务。澳籍华人""跑步女""怎么样了？保安:事后其未再外出 原图",http://wx3.sinaimg.cn/large/75b52ed2ly1gcz3bf8v3xj20rv0hftas.jpg,无,无,2020-03-19 11:46,微博 weibo.com,175,1,47
Izj92daRm,"【特朗普称新冠病毒""中国病毒"" 世卫：不应同种族联系】世卫组织新冠肺炎例行发布会上，世卫组织卫生紧急项目负责人迈克尔·瑞安针对美国总统特朗普称新冠病毒为“中国病毒”做出回应：病毒没有国界，不区分种族肤色和财富。我们在语言使用上要小心，应避免把病毒同个人联系在一起。我相信任何人都会后悔把病毒同种族联系在一起。2009年（H1N1）流感大流行是始于北美，我们也没把它称作北美流感。所以当遇到其他病毒时，我们采用同样的命名方式，避免同地域联系。特朗普称新冠病毒""中国病毒"" 世卫：不应同种族联系                原图                            ",http://wx1.sinaimg.cn/large/75b52ed2ly1gcz2pk5onnj20h609maa8.jpg,无,无,2020-03-19 11:25,无,52,3,23
Izj7og5ff,【甘肃5名公职人员私接回国人员回家 均被拘留7日】甘肃临夏回族自治州临夏市公安局发布警情通报称，确诊的境外输入性新冠肺炎病例马某图、刘某昌于3月13日自国外返回国内；未确诊的丁某义、敏某英、马某某曼于同日返回国内。经查，马某、马某琼、谢某忠明知马某图从国外返回，未按规定向在临夏市居住地相关机构、部门如实报备，私自将马某图接回在临夏市的家中；马某武明知刘某昌、马某某曼从国外返回，未按规定提前向在临夏市居住地相关机构、部门如实报备，私自将刘某昌、马某某曼接回在临夏市的家中。公安机关依法决定分别给予马某、马某琼、谢某忠、丁某、马某武行政拘留七日的处罚。因上述五人为公职人员，对其违法违纪问题，已由同级纪检监察机关依法依规进行处理。甘肃5名公职人员私接回国人员回家 均被拘留7日                原图                            ,http://wx4.sinaimg.cn/large/75b52ed2ly1gcz2lgcejhj20go0nkjt1.jpg,无,无,2020-03-19 11:21,无,109,10,31
IziLAFiaO,"【疫情当头社区大妈竟组团去欧洲 遭网友""人肉""恐吓】据台媒，台湾省新北市中和区瓦磘里长林绮芳，在欧洲疫情爆发期间，仍在社区里民的群组里号召，20人组团前往西班牙及葡萄牙旅行。事发后，林绮芳紧急关闭“脸书”，并提前返回岛内。但林绮芳表示，连日来遭到岛内网友“人肉”，甚至有人恐吓“叫我去死”。她透露，家人受到很严重安全威胁，“很对不起家人”。http://t.cn/A6zHOIGQ            [组图共2张]    原图                            ","http://ww3.sinaimg.cn/large/75b52ed2ly1gcz11kr8lsj20ob0dugm7.jpg,http://ww4.sinaimg.cn/large/75b52ed2ly1gcz11kycnqj20po0h4js3.jpg",无,无,2020-03-19 10:27,无,16,2,13
IzegyfmOq,#深夜饭馆#【菠萝炒饭】3月的菠萝，当水果吃可能还不算最甜，但入菜却正是合适。美味的菠萝蛋炒饭，做起来并不难哦！蛋液先拌入米饭后再炒，加入菠萝、虾仁、腰果、葡萄干等，用菠萝壳盛盘，搭配、造型和味道都棒棒哒！美食台foodvideo的秒拍视频 ,无,"http://miaopai.video.weibocdn.com/000ZM7Zmlx07wAQAKvYQ01041200ZkBr0E013.mp4?label=mp4_hd&template=852x480.24.0&trans_finger=ac6fb6d5c49a67fe2901ae638b222ab2&Expires=1585005143&ssig=e9OVShbsUZ&KID=unistore,video",无,2020-03-18 23:00,微博 weibo.com,97,71,20
Ize4nvSvn,#深夜尬聊# 转眼间今年3月已过半，回想去年此时，你在做什么？ 原图,http://wx3.sinaimg.cn/large/75b52ed2gy1gcvp6159f7j20dw08tt94.jpg,无,无,2020-03-18 22:30,微博 weibo.com,12,10,17
IzdWtmrYW,【男子驾车深夜顶开故宫东华门被控制 排除毒驾酒驾】3月16日21时40分许，一男子驾驶白色SUV小客车顶开故宫博物院东华门，并强行驶入，导致一枚门钉及金属门销脱落，现场无人员受伤。接报警后，警方迅速处置，将该人当场抓获。经初步审查，犯罪嫌疑人于某志（男，26岁），近期一直在其他省市打工为生，3月15日从河南自驾车来京，无违法犯罪前科，排除毒驾酒驾。目前，该人因涉嫌寻衅滋事罪已被东城公安分局依法采取刑事强制措施，案件正在进一步工作中。男子驾车深夜顶开故宫东华门被控制 排除毒驾酒驾                原图                            ,http://wx4.sinaimg.cn/large/75b52ed2ly1gcyfqt35s9j20u00u016a.jpg,无,无,2020-03-18 22:10,无,192,6,27
IzcUtrxS7,春天如约而至，正是花开正旺的好时节，“中国最美乡村”婺源已是一片花海，篁岭漫山遍野的油菜花进入了最佳观赏期。网易新闻携手江西头条客户端带你云游花海，尽赏宁静的徽派村落，打卡最美“春游”目的地！  网易新闻客户端的微博视频 ,无,"http://f.video.weibocdn.com/iF5dFlcPlx07BNF7mhq001041200XIzm0E010.mp4?label=mp4_hd&template=852x480.25.0&trans_finger=62b30a3f061b162e421008955c73f536&Expires=1585005144&ssig=yZgasESvNP&KID=unistore,video",无,2020-03-18 19:32,微博视频,30,5,1
IzbcHCcF8,【#一次性医用口罩累计使用不超过8小时#】国务院联防联控机制日前印发《公众科学戴口罩指引》，佩戴多个口罩不能有效增加防护效果，反而增加呼吸阻力，并可能破坏密合性。各种对口罩的清洗、消毒等措施均无证据证明其有效性。一次性使用医用口罩和医用外科口罩均为限次使用，累计使用不超过8小时。职业暴露人员使用口罩不超过4小时，不可重复使用。@新华视点                原图                            ,http://wx1.sinaimg.cn/large/75b52ed2ly1gcy3nlx01fj20rs0ijgmf.jpg,无,无,2020-03-18 15:12,无,57,2,30
Iz9MkCf8F,【痛心！#郑州社区民警牺牲在战疫一线# 】奋战抗疫一线17天，郑州市公安局东风路分局社区民警樊树锋因劳累过度，晕倒在工作岗位，2月19日抢救无效离世。@新华网 联合@网易新闻客户端 ，共同打造疫情故事栏目 #让TA来告诉你# 。这一次，让我们听周深@卡布叻_周深 讲述，一同见证和铭记这位平凡英雄最后的抗“疫”故事。#周深讲述战疫故事# @网易新闻客户端 @上流君 @网易健康新华网的秒拍视频                                ,无,无,无,2020-03-18 11:34,无,314,29,61
Iz9yKr7oF,【拜耳火速开除撒野女华人 公司被指靠中国挽回收入】近日，一段澳大利亚籍返京女子不按规定隔离、执意不戴口罩外出跑步的视频引起热议，该女子面对社区防疫人员劝说不但不听劝告，还对防疫人员说“你走开”，并大喊“救命骚扰”，民警对其发出警告。随后，该女子的身份被扒出，系德国药企拜耳公司的一名员工。随后，拜耳公司发出声明称，已对其做辞退处理。拜耳为何火速开除撒野女华人？抗癌药在美日遇冷，靠中国挽回收入            [组图共3张]    原图                            ,"http://ww1.sinaimg.cn/large/75b52ed2ly1gcxwe9404yj20hs0kedg3.jpg,http://ww3.sinaimg.cn/large/75b52ed2ly1gcxwe97zmhj20hs08at95.jpg,http://ww1.sinaimg.cn/large/75b52ed2ly1gcxwe9c5lyj20hs09cmxf.jpg",无,无,2020-03-18 11:01,无,327,15,100
Iz98R3P8V,日前，国内权威媒体平台@胖鲸智库 发布2020年《品牌拍档Brand Partner20 | 50》营销行业创新研究，旨在评选与品牌方相互信任、共享信息、共担风险，并对其生意发挥真正助力的营销服务商。此次公布的榜单中，网易传媒凭借在内容领域和营销领域的专业能力，以及众多优秀的行业案例，成功入选Top 20大公司。                原图                            ,http://wx1.sinaimg.cn/large/75b52ed2ly1gcxujvmd2jj21hc2gw1kx.jpg,无,无,2020-03-18 09:57,无,4,0,4
Iz4Q4iGa7,#深夜饭馆#【脆皮炸鸡】跟着在家里学做一下吧，太好吃了~能吃八两螺蛳粉的微博视频 ,无,"http://f.video.weibocdn.com/004AYh3Mgx07BIolGLvO01041200e2ry0E010.mp4?label=mp4_hd&template=480x852.24.0&trans_finger=7c347e6ee1691b93dc7e5726f4ef34b3&Expires=1585005148&ssig=h4EqHMJMi9&KID=unistore,video",无,2020-03-17 23:00,微博 weibo.com,154,138,21
Iz4DThQT9,#深夜尬聊# 最近宅家期间，你解锁了哪道菜的厨艺？ 原图,http://wx2.sinaimg.cn/large/75b52ed2gy1gcvp0ya06dj20ic0ogq4l.jpg,无,无,2020-03-17 22:30,微博 weibo.com,24,3,27
Iz2eUw3Ch,【艺人黄智博假借卖口罩诈骗获刑3年3个月 当庭悔罪】乐华娱乐前旗下艺人黄智博，涉嫌在疫情期间以“卖口罩”为名实施诈骗一案，今日开庭宣判。被告人黄智博因犯诈骗罪，被判处有期徒刑3年3个月，并处罚金1万元。他表示自己无工作，没有收入，诈骗的钱“用于消费”，因一时冲动拉黑被害人，曾想退赔，但未来得及退赔，就被公关机关抓获。黄智博当庭道歉称，自己已知错，不希望因自己，影响父亲身体。艺人黄智博假借卖口罩诈骗获刑3年3个月 当庭悔罪            [组图共2张]    原图                            ,"http://ww3.sinaimg.cn/large/75b52ed2ly1gcx02l3pibj20cw0aqt92.jpg,http://ww1.sinaimg.cn/large/75b52ed2ly1gcx02wid7cj21hw0u0112.jpg",无,无,2020-03-17 16:23,微博 weibo.com,78,4,34
Iz1EbpYsV,【“很糟糕、很糟糕” 特朗普态度终于变了】当地时间16日下午，美国总统特朗普公布了更为严格的防疫指导意见，建议美国人今后15天避免10人以上聚集。特朗普表示，疫情可能会持续到七八月份或更晚，“很糟糕、很糟糕，我们期待能出现最好的情形，而不是最坏的。”特朗普说，美国政府准备采取任何必要的措施，或考虑在“热点地区”采取隔离、宵禁等举措，但暂不考虑在全国施行。“很糟糕、很糟糕”，特朗普态度终于变了                原图                            ,http://wx4.sinaimg.cn/large/75b52ed2ly1gcwxgqxv2kj20hs0ag74o.jpg,无,无,2020-03-17 14:52,微博 weibo.com,138,18,47
Iz141fRg6,【最美逆行！驰援武汉的女护士长】原本计划除夕回武汉娘家的护士长李君，毅然加入了支援湖北的医疗团队，两个月坚守一线未曾见过家人。@新华网 联合@网易新闻客户端 ，共同打造疫情故事栏目#让TA来告诉你#。这一次，让我们听许光汉@許光漢GregHan  讲述，一同见证这位李君护士长，真实的战“疫”故事。#许光汉讲述战疫故事#   @上流君 @网易健康 新华网的秒拍视频                                ,无,无,无,2020-03-17 13:23,微博 weibo.com,588,52,135
Iz10wn9dt,【#北京海关辟谣11万人从欧洲到北京# 】3月16日，有网络传言：“#北京# 海关向国内航空公司汇总欧洲至北京航班机票预订情况，中午统计结果出来了，未来一周有11万人从欧洲各地到北京。”有网友整理了了各航空公司官网首都国际机场单日入境航班，按座位数最大值估算3月14日当天，高风险地区入境人数在1249～1784人之间，推算一周内人数应在8743～12488人之间，与网上谣传的11万人，严重不符。目前，@北京海关12360 也发出声明：经核实，我关未开展过此项调查，该消息为虚假信息。  http://t.cn/A6zOhyyX                                ,无,无,无,2020-03-17 13:14,无,64,10,27
Iz0M8isHE,【人民日报评邱晨：国家大义容不得巧舌如簧】近日，有网友扒出《奇葩说》选手邱晨几年前在国外社交平台上的言论，指她曾参与香港占中的活动海报设计，还多次发表不当言论。人民日报对此发表评论，称究竟冤不冤，网友眼睛是雪亮的。是否如她所说“希望祖国强大”，看看她一贯的言论便知。何谓爱国，何谓大义，岂能颠倒是非黑白？作为公众人物，又该给年轻人传递什么价值？不要以为巧舌如簧，就能改变事实。不久后，邱晨发表声明称将关闭所有社交平台账号，不上任何节目。http://t.cn/A6zOP7Ft            [组图共2张]    原图                            ,"http://ww1.sinaimg.cn/large/75b52ed2ly1gcwtm6jy9nj20u00lwq3p.jpg,http://ww4.sinaimg.cn/large/75b52ed2ly1gcwtm6nfhtj20gv04c74d.jpg",无,无,2020-03-17 12:39,无,903,19,191
Iz0KElUcB,【太严吗？格力员工聚会被董明珠开除！连领导也被免掉】董明珠近日在直播中表示，有员工在疫情期间聚餐，我们把他开除了，也把他的领导免掉了。因为当时规定不准聚会和聚餐。在这个特定的环境下，你尊重这个制度，不仅是对你自己负责，也是对别人负责。老板联播的微博视频  ,无,"http://f.video.weibocdn.com/002iYDPMgx07BKNsh5Ve010412009Hpp0E010.mp4?label=mp4_hd&template=852x480.25.0&trans_finger=1621fcd5d40969f1c74e6b06e52fcd54&Expires=1585005153&ssig=Wljcvo1vlO&KID=unistore,video",无,2020-03-17 12:35,无,170,7,37
Iz01SeojY,【归国华人质问机场工作人员:我欧洲回来的就这待遇？】近日，意大利归国华人质问机场工作人员的视频受到网友关注。该男子所乘坐的航班到达机场时已是深夜，因等待防疫检查的人员较多，机场划分了指定区域安排归国的华人们，一男子认为等候区域的条件简陋，质问机场工作人员：“我欧洲回来的就这待遇？”归国华人质问机场工作人员:我欧洲回来的就这待遇? 燃新闻的秒拍视频                                ,无,无,无,2020-03-17 10:45,无,675,50,248
IyVpyvBvF,#深夜饭馆#【鸡胸肉新吃法】鸡胸肉别再水煮了，试试这样做，出锅香气四溢，吃着真解馋！阿雅小厨-的微博视频 ,无,"http://f.video.weibocdn.com/cLcBHUgNlx07BImEqCus0104120121Sh0E010.mp4?label=mp4_hd&template=852x480.25.0&trans_finger=1621fcd5d40969f1c74e6b06e52fcd54&Expires=1585005155&ssig=RGhhOZtqfu&KID=unistore,video",无,2020-03-16 23:00,烹饪教程 · 视频社区,329,314,38
IyVdnzCfB,#深夜尬聊# 这次疫情对你个人最大的影响是什么？ 原图,http://wx2.sinaimg.cn/large/75b52ed2gy1gcvouuo476j20ee0eet8u.jpg,无,无,2020-03-16 22:30,微博 weibo.com,58,12,110
IyUU6xLyp,你足不出户的时候，花都开好了！武大的樱花，带着对春天的守望，如期而至。网易新闻携手新华社、武汉大学、中国移动咪咕视频联合打造全球首次“云赏樱”，快来看看吧  网易新闻客户端的微博视频 ,无,"http://f.video.weibocdn.com/nv3mYYUClx07BKCeNmPm01041200Z1Ny0E010.mp4?label=mp4_hd&template=852x480.25.0&trans_finger=62b30a3f061b162e421008955c73f536&Expires=1585005155&ssig=IcjgoSRNeA&KID=unistore,video",无,2020-03-16 21:42,微博视频,23,7,1
IyROHCbL6,【钟南山专访：目前没证据表明新冠肺炎会成为季节性疾病】1.回顾疫情：从深圳一家6口聚集性病例判断肯定有人传人现象，也从在武汉的学生处获悉了一些不太乐观的情况，到了湖北以后，进一步追问时，发现在湖北一个大医院出现了医务人员感染。在1月中，湖北省的实际情况，远比当时公开或新闻报道的要严重。2.防控复盘：如果封城推后5天，全国到3月份后的发病峰值应该是17万。早期的科学防控、预警极为重要，必要的紧急情况下，CDC应该有权力直接向社会发出预警。建议提升CDC地位。3.重要判断：新冠肺炎成为季节性流行病的证据还不足 。4.传染率、致死率：从传播指数来看，流感的传播指数接近1.5，SARS是2-2.5，新冠肺炎接近3，新冠肺炎的传播率更高。SARS的病死率接近10%，MERS接近30%，如果积极防控，目前新冠观察到数据在1%左右，新冠肺炎的病死率要低许多。5.治疗经验：摸着石头过河，国外同行也在跟我们索取诊疗技术方案。我们中国的救治经验对国外也有一定的指导作用。N视频的微博视频 钟南山专访：目前没证据表明新冠肺炎会成为季节性疾病                                ,无,无,无,2020-03-16 13:51,深度报道 · 视频社区,65,18,30
IyRM3mBso,"【武汉一濒死非新冠患者:病危通知书上写""人财两空""】2月28日至今，汪冰每天都会接到丈夫的病危通知书。那些医疗术语很陌生，但最后一行字，让双手一次又一次地发抖：“病程中随时可能呼吸心跳骤停死亡，最终预后差，人财两空。”2月16日，丈夫方立强“黄疸肝炎”病发，本来简单住院10天即可康复出院的疾病，面对突如其来的疫情，武汉的医疗资源悉数倾斜，丈夫从轻症一步步拖到病危。大半个月里，汪冰寻遍武汉各大医院，曾在围挡的缝隙中，看到过那些有能力收治丈夫的医院大楼，一次次试图入院却被拒之门外。或者，是面对那些因为过道里躺着危重患者，而无暇顾及的医生……武汉一濒死非新冠患者:病危通知书上写""人财两空""            [组图共5张]    原图                            ","http://ww4.sinaimg.cn/large/75b52ed2ly1gcvpvlctvaj20hs0ia3z3.jpg,http://ww1.sinaimg.cn/large/75b52ed2ly1gcvpvlh88yj20hs0hswf5.jpg,http://ww3.sinaimg.cn/large/75b52ed2ly1gcvpvlpa1rj20hs0vlq5f.jpg,http://ww1.sinaimg.cn/large/75b52ed2ly1gcvpvluvr7j20hs0bz74g.jpg,http://ww3.sinaimg.cn/large/75b52ed2ly1gcvpvm2waej20hs0vlmyd.jpg",无,无,2020-03-16 13:44,无,616,50,135
IyRJNyeaY,【五一调休增为5天小长假 专家:或迎第一个旅游高峰】3月13日，央视网发布关于2020年放假调休日期的具体安排，其中劳动节放假安排为：5月1日至5日放假调休，共5天，引发网络讨论“是否为恢复五一黄金周的讯号”。中国旅游研究院院长戴斌对此表示，目前有关部门并没有明确表示要恢复五一黄金周。他认为，如果4月份疫情能够结束，五一假期将会迎来今年第一个旅游消费高峰。五一调休增为5天小长假 专家:或迎第一个旅游高峰                原图                            ,http://wx3.sinaimg.cn/large/75b52ed2ly1gcvpptoyghj20b407imxm.jpg,无,无,2020-03-16 13:38,无,86,7,40
IyRcpEzKy,【95后女护士主动报名驰援武汉，系所属医疗队伍年龄最小的志愿者】@新华网 联合@网易新闻  ，共同打造疫情故事栏目#让TA来告诉你#。这一次，让我们听@罗云熙Leo 讲述 ，一同见证“90后”们奋战一线的抗“疫”故事。#罗云熙讲述战疫故事#  @上流君  @网易健康 新华网的秒拍视频 ,无,"http://miaopai.video.weibocdn.com/uyojlFRblx07BJWZ2b4k01041200CNDp0E013.mp4?label=mp4_hd&template=852x480.25.0&trans_finger=62b30a3f061b162e421008955c73f536&Expires=1585005158&ssig=fyhKzcuPIq&KID=unistore,video",无,2020-03-16 12:16,无,5126,1622,1939
IyGSt2jo8,假货、诈骗和谣言满天飞，我们需要一双能识破虚假的火眼金睛。315之际，网易新闻为各位同学带来一套测试卷，考考你的打假水平。关注@网易新闻客户端 ，带话题#315打假测试#转发此条微博，我们将于3月20日抽3名幸运同学，每人送出一台【带吸盘便携式充电宝】以资鼓励！快快喊上你的小伙伴，一起参与作答吧～ 抽奖详情                原图                            ,http://wx1.sinaimg.cn/large/75b52ed2gy1gctpiwthwwj20prcmuu0x.jpg,无,无,2020-03-15 10:00,微博 weibo.com,74,193,141
Iyt84A2A1,#深夜饭馆#【三汁焖锅】不用加一滴水，只要会调汁，你就不会失败！真的太好吃了，快在家做起来吧！ 天天美食推荐的微博视频 ,无,"http://f.video.weibocdn.com/001IAvFwgx07Brpvsjpm01041200knWZ0E010.mp4?label=mp4_hd&template=852x480.25.0&trans_finger=62b30a3f061b162e421008955c73f536&Expires=1585005160&ssig=98qIZMh%2FTn&KID=unistore,video",无,2020-03-13 23:00,微博 weibo.com,271,263,27
IysVTBd5P,#深夜尬聊# 最近你在单曲循环的歌曲是？ 原图,http://wx1.sinaimg.cn/large/75b52ed2gy1gcnhkwfophj20dv0afmx8.jpg,无,无,2020-03-13 22:30,微博 weibo.com,84,5,107
IyqG9btNw,【#飞猪万元机票只退105元# 武汉女子称投诉无门怒曝光】武汉的刘女士曾购买1月19日武汉飞马累，1月24日返回武汉的连乘机票。后来武汉发布封城消息，航班取消，因此她选择非自愿退票，重新高价购买机票回国到广州。然而3月12日，刘女士发现花了12812元买的机票，结果退款却只收到105元。因此刘女士找到卖家，结果卖家称她不符合标准，并且将她投诉账户拉黑。刘女士表示飞猪客服电话一直打不通，航空公司也联系不上，不得不网络曝光。按民航局规定，28号之前符合退票规定应该退一半费用。而飞猪平台却显示：不符合疫情退票政策。你怎么看？ @易视频  http://t.cn/A6zIZ3xM                                ,无,无,无,2020-03-13 16:45,无,307,36,190
IyqvA5vt3,【#大妈无微信扫码乘车被拒# 司机：车上百分之百乘客都同意才载你】3月12日晚上，贵州贵阳一位大妈因为使用老人机，没有微信，无法扫码，想乘公交遭到司机拒绝。大妈把两个大箩筐抱上车，并苦苦哀求司机:“求你一下嘛，天黑了”。但司机则拒绝，称“这么多人的安全你负责吗？” 司机称疫情期间规定乘客必须扫码，显示健康后才能乘车，自己也没有办法，最后表示如果车上百分之百的乘客都同意，就允许大妈上车。由于乘客们也不敢表态，大妈只好又背起了两个笨重的大箩筐下车了。 最终大妈打电话让儿子开车来接，并表示回家后会去社区办个健康证明。你支持司机的做法吗？如果你是车上的乘客，会让大妈上车吗？ @易视频   http://t.cn/A6zI4DVl                                ,无,无,无,2020-03-13 16:19,无,863,27,258
IyqnB7WvJ,回想起往年的春节，往年这些快要春暖花开的日子，想喝酒、想唱歌、想聚餐的想法不断蹦出来，又一个个被消灭。但有一群人，他们不仅实现了线上云唱歌的想法，还把这首林俊杰作曲及演唱，孙燕姿作词，专门为武汉创作的Stay with You换了一种方式唱了出来。 网易新闻客户端的微博视频 ,无,"http://f.video.weibocdn.com/zSt81LGklx07BCwEjaRa01041200wR1X0E010.mp4?label=mp4_hd&template=852x480.25.0&trans_finger=62b30a3f061b162e421008955c73f536&Expires=1585005163&ssig=DsXICcYiD4&KID=unistore,video",无,2020-03-13 16:00,微博 weibo.com,20,4,1
IyoObiwYP,#樱花色系海报# 昨天看新闻，武汉的樱花已经开了，网易新闻设计师用樱花色系创作了一套疫情海报，希望在这个周末，带给大家扑面而来的春天气息。@网易科技频道 @网易财经频道 @网易娱乐频道 [组图共7张]原图,"http://ww3.sinaimg.cn/large/75b52ed2ly1gcr0p2it12g20k01401a7.gif,http://ww2.sinaimg.cn/large/75b52ed2ly1gcr0p4h6s5g20k014010s.gif,http://ww2.sinaimg.cn/large/75b52ed2ly1gcr0p76r22g20ku14skf4.gif,http://ww2.sinaimg.cn/large/75b52ed2ly1gcr0p8qxssg20ku14s7wh.gif,http://ww3.sinaimg.cn/large/75b52ed2ly1gcr0pbr5dog20ku14snpd.gif,http://ww4.sinaimg.cn/large/75b52ed2ly1gcr0pdnitng20ku14s7wh.gif,http://ww3.sinaimg.cn/large/75b52ed2ly1gcr0pgq4ehg20k0140atc.gif",无,无,2020-03-13 12:00,微博 weibo.com,78,39,7
IyjHA4jZX,#深夜饭馆#【日式鸡肉咖喱饭】媲美饭店味道的咖喱饭，在家就能做！一大锅香喷喷的咖喱，汤汁浓郁，和白米饭是绝配无疑了！土豆、洋葱和胡萝卜，摄取丰富蔬菜的同时享受与咖喱的完美融合、鸡肉也是滑嫩无比~简单快手，营养美味，小孩和大人都爱吃~ 懒饭App的微博视频 ,无,"http://f.video.weibocdn.com/001g9Yljgx07BxkJUkvm01041200m0c30E010.mp4?label=mp4_hd&template=480x852.25.0&trans_finger=1621fcd5d40969f1c74e6b06e52fcd54&Expires=1585005174&ssig=%2Bkux56wA0R&KID=unistore,video",无,2020-03-12 23:00,微博 weibo.com,99,69,8
IyjvorOFi,#深夜尬聊# 疫情期间，你学会了哪些新技能？ 原图,http://wx1.sinaimg.cn/large/75b52ed2gy1gcnhj6fbe9j208c05kq2z.jpg,无,无,2020-03-12 22:30,微博 weibo.com,36,2,30
IyiR4j6Y6,三八妇女节，网易传媒上线纪实短视频节目#我是医者#，用真实冷静的镜头语言，展露鲜为人知的医者真心，引起广泛关注和讨论。近两年来，网易传媒在短视频领域不断加码，通过对品质内容和人文情怀的坚守，实现了内容生产的不断深度化、立体化。  网易传媒加码短视频 推出纪实节目《我是医者》 ,无,无,无,2020-03-12 20:50,微博 weibo.com,12,5,2
IyhW6A57e,有态度，懂生活。网易新闻携手@雀巢中国 ，带大家一起#好好吃好好生活#，努力克服困难，迎接美好的明天。加油  原图,http://wx1.sinaimg.cn/large/75b52ed2ly1gcrbnu12pdj20u00u0n8i.jpg,无,无,2020-03-12 18:30,无,8,0,5
IygmeCaic,【郑州输入性病例隐瞒被立案 母亲：没想到要去报备】3月11日，郑州确诊1例境外输入新冠肺炎病例。因患者返回郑州后隐瞒境外旅居史，涉嫌妨害传染病防治罪，公安机关已立案侦查。患者母亲称：儿子回来时没症状，没想到要给社区报备，之后一直在上班，后来儿子出现感冒症状，就在家给他熬药，吃药就退烧了。给邻居等人造成很大影响，对不起大家。一手video的秒拍视频 男子从意大利回郑州隐瞒境外行程后确诊 警方立案                                ,无,无,无,2020-03-12 14:29,微博 weibo.com,137,6,42
Iygc45a6R,【业主疫情期间把电梯当垃圾箱 被物业约谈仍不合作】近日，吉林长春。某小区业主在疫情管控期间往电梯扔垃圾。物业员工告诉澎湃新闻，已对当事业主进行谈话，但对方不合作，不排除下次报警处理。业主疫情期间把电梯当垃圾箱 被物业约谈仍不合作 澎湃新闻的微博视频 ,无,"http://f.video.weibocdn.com/002hI6e1gx07BCgVApB601041200byGZ0E010.mp4?label=mp4_hd&template=852x480.25.0&trans_finger=62b30a3f061b162e421008955c73f536&Expires=1585005186&ssig=FO5EbjRSui&KID=unistore,video",无,2020-03-12 14:04,微博 weibo.com,91,16,49
IyffaoEgX,【酒店坍塌一家5口遇难:妈妈护着女儿 爸爸护着妈妈】3月11日，福建泉州市政府通报坍塌事故初步调查情况，欣佳酒店在建设、改造和审批等方面存在严重问题，现已将相关证据收集固化，对相关责任人员采取强制措施、财产保全措施。此前一名幼儿园老师求助寻找学生一家五口，已确认遇难。目前现场还有1人被困，搜救还在进行中。泉州酒店坍塌现场 疑似一家五口遇难：妈妈护着女儿 爸爸护着妈妈 酒店坍塌一家5口遇难:妈妈护着女儿 爸爸护着妈妈                                ,无,无,无,2020-03-12 11:39,微博 weibo.com,55,13,27
IyeGJpPD0,【美国男影星汤姆·汉克斯与妻子确诊新冠肺炎】据外媒，美国男影星汤姆·汉克斯与妻子发声明称，两人新冠肺炎检测呈阳性。汤姆·汉克斯，1956年7月9日生于美国加州康科德，美国影视演员，1993年、1994年凭借《费城故事》《阿甘正传》，连续获得两次奥斯卡最佳男主角奖。2020年，获得第77届金球奖的终身成就奖。美国男影星汤姆·汉克斯与妻子确诊新冠肺炎                原图                            ,http://wx1.sinaimg.cn/large/75b52ed2ly1gcqxblwmzjj20h80asglp.jpg,无,无,2020-03-12 10:14,无,42,13,30
IyeDutnMX,【NBA发声明正式宣布停摆:将继续研究下一步措施】据NBA官方确认，2019-2020赛季暂停。目前爵士中锋戈贝尔已被确诊为新冠肺炎，爵士和雷霆的球员都在雷霆主场内被隔离。“在今天的比赛结束后，NBA将暂停比赛行为，直到未来有更多通知。在这段停摆期，NBA将继续研究应对冠状病毒流行病的下一步措施。”NBA发声明正式宣布停摆:将继续研究下一步措施                原图                            ,http://wx4.sinaimg.cn/large/75b52ed2ly1gcqx3b42luj20hb0f1mxu.jpg,无,无,2020-03-12 10:06,无,13,4,11
Iyah5sIa8,#深夜饭馆#【红酒照烧鸡腿饭】不用出门就可以吃到美味的红酒照烧鸡腿饭，在家就可以做~~土味食堂的微博视频 ,无,"http://f.video.weibocdn.com/LZ7lRwa7lx07BvF0tDrq01041200FFY20E010.mp4?label=mp4_hd&template=576x1024.24.0&trans_finger=7c347e6ee1691b93dc7e5726f4ef34b3&Expires=1585005188&ssig=Vkz5OIfXsa&KID=unistore,video",无,2020-03-11 23:00,微博 weibo.com,188,128,20
Iya4UduPq,#深夜尬聊# 说一部你心目中的优秀国产片~ 原图,http://wx4.sinaimg.cn/large/75b52ed2gy1gcnhgog89ij20u00x7ju8.jpg,无,无,2020-03-11 22:30,微博 weibo.com,246,19,181
Iy9UBEdaf,【南京秦淮区：鼓励干部带头消费 区领导不低于100元】11日，南京“秦淮区新型冠状病毒感染的肺炎防控工作指挥部”的红头文件在网络热传，鼓励“机关干部、各级领导带头消费购物支持企业共渡难关”。文件倡议，区领导本周到辖区内商贸、餐饮等企业消费不低于100元。几天前，南京市委书记张敬华“下馆子”堂食小吃的照片也在当地朋友圈刷屏，不仅获得不少商户的点赞，也鼓舞了不少市民“下馆子”的“勇气”，成为特殊时期的特殊之举。南京秦淮区：鼓励干部带头消费 区领导不低于100元            [组图共2张]    原图                            ,"http://ww4.sinaimg.cn/large/75b52ed2ly1gcqc8ikopmj20jg0egjsj.jpg,http://ww2.sinaimg.cn/large/75b52ed2ly1gcqc8iuz4ej20az0f074j.jpg",无,无,2020-03-11 22:04,无,129,10,55
Iy6AB2787,【武汉一保安染新冠去世：自幼父母双亡吃百家饭长大】2月13日，武汉一名社区保安丁平原因感染新冠肺炎去世，享年59岁。他自幼父母双亡，吃百家饭长大，这样的经历让他舍不得让家人吃一点苦。女儿说，父亲这一生最伟大的地方就是他对家人的爱。据了解，丁平原的妻子也被感染。梨视频的秒拍视频 ,无,"http://miaopai.video.weibocdn.com/BTvdrekLlx07BBWCZNva01041200s4Ae0E013.mp4?label=mp4_hd&template=852x480.25.0&trans_finger=62b30a3f061b162e421008955c73f536&Expires=1585005190&ssig=WI6Ptb7new&KID=unistore,video",无,2020-03-11 13:37,无,101,25,30
Iy5EeoOC2,【浙江慈溪一山上发现小孩尸骨:用毛毯包裹 死亡约4年】浙江慈溪警方发布一则启事，征集相关线索：2月28日上午，慈溪市桥头镇五姓村上岙河东南区57号东边的“面前山”上的一毛毯内发现一具儿童尸体，男女不明，白骨化，大约6-8岁，尸长110左右。上穿棕色外套，黑色毛衣，下穿迷彩长裤。上衣口袋中有3个1元硬币，1个5角硬币。尸体外有一毛毯包裹。死亡时间4年左右。尸体体表未见明显外伤。现该死者身份不详，如知晓该死者身份，请与桥头派出所联系。浙江慈溪一山上发现小孩尸骨:用毛毯包裹 死亡约4年                原图                            ,http://wx1.sinaimg.cn/large/75b52ed2ly1gcptetafy8j20j60ast9d.jpg,无,无,2020-03-11 11:13,无,88,3,40
Iy5yJovEM,【意大利医生哭着选择救哪个病人:没有足够的呼吸机】新冠疫情在意大利北部迅速传播，医疗资源极度紧张。3月7日，意大利麻醉镇痛重症医学学会建议，综合考虑医疗资源和患者具体情况，对重症监护病房设定年龄限制。“我们不得不在40岁的病人和60岁的病人之间选择……这太残酷了。”梨视频文化的秒拍视频 ,无,"http://miaopai.video.weibocdn.com/aaPDyHHhlx07BAEoM7Wg01041200jxSH0E013.mp4?label=mp4_hd&template=852x480.25.0&trans_finger=62b30a3f061b162e421008955c73f536&Expires=1585005197&ssig=2XC1Y%2BS1k4&KID=unistore,video",无,2020-03-11 10:59,无,113,14,48
Iy5u22fSZ,【红十字会与赴伊朗专家组连线 疾控中心主任高福现身】3月10日，中国红十字会与派遣至伊朗的中国专家小组召开了视频会议，了解中国专家小组在伊朗当地的工作情况与物资短缺状况。中国疾控中心主任高福院士也是参与现场连线的专家之一。高福表示，会尽快组织国内专家整理已经发表的涉及临床经验的论文，并尽快把摘要部分翻译成波斯语提供给前方专家，同时也把中国新型冠状肺炎的最新诊疗方案进行翻译，供伊朗方面参考。他还提到，要在满足国内需求的前提下，将尽可能多的向伊朗提供检测试剂盒。红十字会与赴伊朗专家组连线 疾控中心主任高福现身                原图                            ,http://wx2.sinaimg.cn/large/75b52ed2ly1gcpsoniipjj20jd0a33yq.jpg,无,无,2020-03-11 10:48,无,310,7,113
Iy0QAkur2,#深夜饭馆#【黄焖鸡米饭】下饭神器黄焖鸡，在家就能做，安心美味，快来试试吧！好好吃的秒拍视频 ,无,"http://miaopai.video.weibocdn.com/tT6zZEexlx07vR7lqWbe01040200pTjB0E013?Expires=1585005198&ssig=s8vKEdnGDM&KID=unistore,video",无,2020-03-10 23:00,微博 weibo.com,158,162,17
Iy0Ep4M5k,#深夜尬聊# 疫情结束后，你打算做的第一件事是什么？ 原图,http://wx1.sinaimg.cn/large/75b52ed2gy1gcnhehsmj7j20dw08m74p.jpg,无,无,2020-03-10 22:30,微博 weibo.com,95,13,82
IxXtYn9NO,【90后姑娘立遗嘱：房产给闺蜜 帮我处理遗体捐献】3月5日，28岁姑娘小陈来到浙江省遗嘱库订立了遗嘱，内容主要有两方面：百年后将名下房产留给闺蜜，请她帮我处理遗体捐献事宜。据悉，小陈在杭州一家互联网公司从事运营工作，因与闺蜜多年来相互扶持，感情很好，因此将其作为遗嘱继承人。“90后立遗嘱虽然不多，但这两年上升很快，”遗嘱库创始人表示，90后所立遗嘱涉及的遗产类型比其他年龄段的人丰富，有手办、洛丽塔裙子、汉服、船模等，以及QQ号、游戏装备等虚拟财产。90后姑娘立遗嘱：房产给闺蜜 帮我处理遗体捐献                原图                            ,http://wx1.sinaimg.cn/large/75b52ed2ly1gcotd1qcc0j20ku0d7t9a.jpg,无,无,2020-03-10 14:26,无,2963,198,237
IxRq5tfNo,#深夜饭馆#【脆皮炸鸡】价值百万的脆皮炸鸡腿配方，居家也能做出好吃的炸鸡！天天美食推荐的微博视频 ,无,"http://f.video.weibocdn.com/003FpNCpgx07Bw33kJcQ01041200wZ0k0E010.mp4?label=mp4_hd&template=540x960.24.0&trans_finger=7c347e6ee1691b93dc7e5726f4ef34b3&Expires=1585005200&ssig=rNYfQJuS2a&KID=unistore,video",无,2020-03-09 23:00,微博 weibo.com,240,211,30
IxRdUtfIT,#深夜饭馆# 一句话让大家知道你是哪里人 原图,http://wx1.sinaimg.cn/large/75b52ed2gy1gcnhbslrlnj20b40b474d.jpg,无,无,2020-03-09 22:30,微博 weibo.com,49,6,142
IxOhFtu0s,【钟南山：估计全球疫情至少延续到6月份】钟南山院士表示，估计全球疫情发展，至少延续到6月份。新冠病毒的防控重点将来会从输出转为输入，广东国际交往特别多，所以要加强边检边境检测的措施，而且要制定从国外疫区来华的措施，对他们做必要的隔离。对疫情严重的国家，广东可能要对外进行援助，包括防护、试剂、治疗技术。http://t.cn/A6zh1tOy                原图                            ,http://wx3.sinaimg.cn/large/75b52ed2ly1gcnor4x8tej20rs0hojsu.jpg,无,无,2020-03-09 15:01,无,26,7,10
IxMGDrHPN,"【民政部回应武汉小区造假事件：严重损害党和政府形象】国务院联防联控机制3月9日举行新闻发布会。针对武汉市青山区翠园社区开元公馆小区“假的做法”，民政部基层政权建设和社区治理司司长陈越良表示，这严重伤害了组织“肌体”、严重损害了党和政府的形象，要不得，应坚决纠正。民政部回应""武汉小区造假""：严重损害党和政府形象 原图",http://wx3.sinaimg.cn/large/75b52ed2gy1gcnhp9mxphj20j60j6wiq.jpg,无,无,2020-03-09 10:57,微博 weibo.com,452,25,108
IxMoAoaFG,【中央广播电视总台3·15晚会将延迟播出】经批准，为了全力做好防控新冠肺炎工作，2020年中央广播电视总台3·15晚会延迟播出，具体播出时间提前预告。中央广播电视总台3·15晚会将延迟播出 原图,http://wx3.sinaimg.cn/large/75b52ed2ly1gcngf01cwwj20fa0a60t7.jpg,无,无,2020-03-09 10:12,无,73,4,15
IxEweuZya,#你见过素颜最美的女生# 是什么样的呢？是那些坚守在抗疫一线的女医者。她们素颜朝天，额头、脸颊上被勒出的痕迹，是奉献者的勋章。她们勇敢、干练，用专业坚守，撑起生命的桥梁。纪实访谈节目#我是医者#今天正式上线。在这个特殊的节日，希望有更多人，“看见她力量”。最后想说：妇女节快乐，你们辛苦了。槽值的酷燃视频                                ,无,无,无,2020-03-08 14:09,无,14,1,1
IxEc59Wt3,#我是女人，不是超人#                                                                疫情之下，不是有所牺牲才能获得赞扬还有这样一群女性面对高压时，用身体力行向社会证明着如何用坚韧和温情守护社会和家庭。@喜马拉雅 发起#致敬女声力量#活动让更多人能去关注疫情之下平凡而伟大的女性力量！打开喜马拉雅App搜“致敬女声力量”说说疫情之后你想对那个“她”说什么？            [组图共9张]    原图                            ,"http://ww3.sinaimg.cn/large/75b52ed2ly1gcmg6ncv13j20ku112jyd.jpg,http://ww1.sinaimg.cn/large/75b52ed2ly1gcmg6oybzhj20ku112n3t.jpg,http://ww4.sinaimg.cn/large/75b52ed2ly1gcmg6osnwnj20ku112jyk.jpg,http://ww4.sinaimg.cn/large/75b52ed2ly1gcmg6nv1fjj20ku112dma.jpg,http://ww3.sinaimg.cn/large/75b52ed2ly1gcmg6obgjvj20u01hcamz.jpg,http://ww4.sinaimg.cn/large/75b52ed2ly1gcmg6pa9bhj20ku112tfj.jpg,http://ww4.sinaimg.cn/large/75b52ed2ly1gcmg6om3c4j20ku112juv.jpg,http://ww2.sinaimg.cn/large/75b52ed2ly1gcmg6nm5uej20ku1127bo.jpg,http://ww3.sinaimg.cn/large/75b52ed2ly1gcmg6o3qtfj20ku1120z5.jpg",无,无,2020-03-08 13:19,无,19,4,1
IxCSZp7oU,#三八妇女节#你们看到的，只是我职场上的高光时刻；你们看不到的我还有千百面。雷厉风行，也可以温柔细腻；理性严苛，也可以感性热情；我有坚韧的意志，更有柔软的内心。我是别人眼中的女超人，也是自己生活中的女主角。#她，不止一面#撕下职业中的标签，展现更多面的自己。 [组图共4张]原图,"http://ww4.sinaimg.cn/large/75b52ed2gy1gclwdtcjjjj20u01hctsq.jpg,http://ww1.sinaimg.cn/large/75b52ed2gy1gclwdthxhoj20u01hcqpd.jpg,http://ww2.sinaimg.cn/large/75b52ed2gy1gclwdtd62bj20u01hc7or.jpg,http://ww3.sinaimg.cn/large/75b52ed2gy1gclwdtl1ywj20u01hc1dv.jpg",无,无,2020-03-08 10:00,微博 weibo.com,49,25,7
IxCmwcjoH,为“战疫”巾帼传递祝福，今天全国妇联@女性之声 携手@网易云音乐 、@网易新闻客户端 推出#致敬了不起的她#歌单。http://t.cn/A67nQYFX 并邀请@石璐Atom @刘柏辛Lexie @刘惜君 @李斯丹妮 @张远Bird @武艺 @金玟岐 @宣璐 @黄绮珊 @斯琴格日乐 @蔡雅同 #用音乐致敬了不起的她#  她们挺身而出与病毒抗争，化身天使守护你我。让我们一起致敬“战疫”巾帼，用音乐传递温暖。#致敬抗疫她力量# 网易新闻客户端的微博视频                                ,无,无,无,2020-03-08 08:40,微博 weibo.com,709,40,126
IxuLfnlH4,【司法部回应外国人永久居留条例:广泛听取公众意见】近日，司法部、国家移民管理局在京联合召开《中华人民共和国外国人永久居留管理条例》（征求意见稿）征求意见座谈会。与会人员认为，通过赋予外国人永久居留资格吸引人才、专业人士和域外资本参与本国建设，促进经济社会发展，是许多国家在发展进程中的普遍做法。为了进一步规范和改进外国人永久居留审批管理工作，适应深化改革扩大开放、加快建设社会主义现代化国家的需要，促进中外交往，我国有必要在现行制度和实践的基础上制订外国人永久居留管理条例。与会人员指出，《条例》征求意见以来，社会高度关注，有的担心有关资格、条件设计是否合理，会不会出现大量境外人员挤占国内就业岗位和社会公共福利资源问题，也有的反映一些规定过于原则、不够细化，顾虑实施后出现管理漏洞、难以监督问题，建议结合我国国情以及国际有益做法，进一步评估论证，完善优化相关制度设计，使申请永久居留的资格、条件和程序更周延、更严密。司法部有关负责人表示，《条例》目前尚处于向社会征求意见阶段，我们将按照科学立法、民主立法、依法立法的要求，对公众所提的意见建议，认真深入予以研究。《条例》在充分吸纳公众意见、进一步修改完善之前不会仓促出台。国家移民管理局有关负责人表示，高度重视公众对完善境内外国人管理工作的关切，在依法保护广大中外出入境人员合法权益的同时，将进一步强化对非法入境、非法滞留人员检查、遣返力度，依法严肃查处相关违法犯罪活动，维护正常的出入境秩序。司法部回应外国人永久居留条例:广泛听取公众意见                原图                            ,http://wx3.sinaimg.cn/large/75b52ed2ly1gclakb5rexj20u00u016a.jpg,无,无,2020-03-07 13:19,无,3479,43,529
Ixp8BeBS8,#深夜饭馆#【糖醋排骨】懒人也能学会的做法，周末在家试试？土味酱酱的微博视频 ,无,"http://f.video.weibocdn.com/004xEthdgx07Bm6pEQfJ01041200kXO20E010.mp4?label=mp4_hd&template=480x852.24.0&trans_finger=7c347e6ee1691b93dc7e5726f4ef34b3&Expires=1585005213&ssig=dapQiWWFbp&KID=unistore,video",无,2020-03-06 23:00,微博 weibo.com,292,185,24
IxoWqedHa,#深夜尬聊# 你们中学时期，有哪些奇葩的规定？ 原图,http://wx3.sinaimg.cn/large/75b52ed2ly1gcff2zd580j208c05w74j.jpg,无,无,2020-03-06 22:30,微博 weibo.com,28,4,16
IxnaecxDm,"【开房记录及出轨行踪全曝光！确诊者讨饶""求放过""】疫情下的韩国，实时更新、详尽细致的确诊病例个人信息，却惹出另一个麻烦。点开韩国人常用的搜索引擎，输入确诊病例编号，就会自动弹出“个人信息”“照片”“家庭”，甚至是“奸情”之类的关键词。有好事者“主动”当起福尔摩斯，试图从零碎信息中扒出狗血离奇的故事。一名43岁男子曾在首尔麻浦区参加性骚扰课程，被课程老师传染上新冠病毒；另一名男子向在武汉的妻子撒谎称回韩国探望母亲，事实上却陪一名女性朋友“潇洒”了好些天，去过百货商店、高档餐厅、整形医院、汉江公园……“比疾病更痛苦的是来自外部的评论”，许多患者在接受新冠肺炎治疗的同时，还因为心理压力过大而接受心理咨询。开房记录及出轨行踪全曝光！确诊者讨饶""求放过""            [组图共6张]    原图                            ","http://ww3.sinaimg.cn/large/75b52ed2ly1gckd0w9jz2j20go087jri.jpg,http://ww1.sinaimg.cn/large/75b52ed2ly1gckd0wcrn7j20go09eglv.jpg,http://ww4.sinaimg.cn/large/75b52ed2ly1gckd0wh5qxj20go0ls3zi.jpg,http://ww4.sinaimg.cn/large/75b52ed2ly1gckd0wmpr3j20a209j74a.jpg,http://ww4.sinaimg.cn/large/75b52ed2ly1gckd0wqzaej20go0e80t6.jpg,http://ww2.sinaimg.cn/large/75b52ed2ly1gckd0wvbcxj20go097t8u.jpg",无,无,2020-03-06 17:58,无,30,2,13
IxkKizL3N,【武汉居民从楼上向正在考察的领导喊：“假的，假的”】有网友发帖说，5日早上中央指导组在武汉小区考察时，有居民从家里的窗户向正在考察的中央指导组喊，“假的，假的”，主要反映社区物业假装让志愿者送菜送肉给业主，实际工作不到位的情况。据了解，帖子所述内容基本属实。目前，武汉市已经派人对社区3000多户居民逐一上门，入户调查，了解具体诉求后着手解决。武汉居民从楼上向正在考察的中央领导喊：“假的，假的”，然后……                原图                            ,http://wx4.sinaimg.cn/large/75b52ed2ly1gck2ckmfc6j20p00gomyw.jpg,无,无,2020-03-06 11:49,无,1140,70,153
IxfI64fRa,#深夜饭馆#【懒人电饭煲蜂蜜焗鸡】鲜香入味又营养，做法简单，好吃的停不下来，喜欢的做起来！马小坏频道的微博视频 ,无,"http://f.video.weibocdn.com/004qebDVgx07BmmES91501041201utGY0E010.mp4?label=mp4_hd&template=852x480.25.0&trans_finger=1621fcd5d40969f1c74e6b06e52fcd54&Expires=1585005215&ssig=WjCK5q62En&KID=unistore,video",无,2020-03-05 23:00,烹饪教程 · 视频社区,84,88,15
IxfvVpsvB,#深夜尬聊# 宅家这段时间，你每天的快乐源泉是什么？ 原图,http://wx3.sinaimg.cn/large/75b52ed2ly1gcff000ft7j208c08cgof.jpg,无,无,2020-03-05 22:30,微博 weibo.com,24,5,34
IxcsEus2T,#100条防疫知识#疫情肆虐，心存疑问？网易科技联合中国科协科技传播中心推出大型系列策划《疫情大考，50位科学家的100条建议》，50位科学家联合出击，囊括10大核心主题，汇聚100条科学建议，让我们用1分钟时间，学会用知识和理智武装自己，战胜疫情！第①期来袭>> [组图共9张]原图,"http://ww1.sinaimg.cn/large/75b52ed2ly1gcj1rchs1sj20u01hc4qp.jpg,http://ww4.sinaimg.cn/large/75b52ed2ly1gcj1rcij1ij20u01hc1kx.jpg,http://ww2.sinaimg.cn/large/75b52ed2ly1gcj1rcjx4qj20u01hc7wh.jpg,http://ww1.sinaimg.cn/large/75b52ed2ly1gcj1reqjcvj20u01hc1kx.jpg,http://ww4.sinaimg.cn/large/75b52ed2ly1gcj1rer5xuj20u00u0b29.jpg,http://ww4.sinaimg.cn/large/75b52ed2ly1gcj1reyvesj20u01hc4qc.jpg,http://ww2.sinaimg.cn/large/75b52ed2ly1gcj1rhkctrj20u01hc1kx.jpg,http://ww4.sinaimg.cn/large/75b52ed2ly1gcj1rhkv16j20u01hc1kx.jpg,http://ww4.sinaimg.cn/large/75b52ed2ly1gcj1rhovqsj20u01hc1kx.jpg",无,无,2020-03-05 14:43,微博 weibo.com,4,4,2
Ixc7pwSZq,【李文亮等34人追授疫情防控先进个人称号】国家卫生健康委、人力资源社会保障部、国家中医药管理局印发《关于表彰全国卫生健康系统新冠肺炎疫情防控工作先进集体和先进个人的决定》，表彰全国卫生健康系统防疫先进：113个集体、472位同志受表彰；追授徐辉、刘智明、李文亮等34位同志“全国卫生健康系统新冠肺炎疫情防控工作先进个人”称号，获奖个人享受省部级表彰奖励获得者待遇。李文亮、刘智明等34人被追授疫情防控先进个人称号                原图                            ,http://wx3.sinaimg.cn/large/75b52ed2ly1gcj09fc82nj20u00u0qgg.jpg,无,无,2020-03-05 13:51,微博 weibo.com,160,24,49
IxaXn9jvE,【CAS仲裁报告:三名检测人员资质均符合条例 身为建筑工人并无影响】国际体育仲裁法庭(CAS)宣布孙杨禁赛8年后，孙杨曾连发微博，质疑药检当晚样品收集人员的资质。在CAS的仲裁报告中，分别对于兴奋剂检查官(DCO)、兴奋剂检测助理(DCA)、血样采集助理(BCA)的身份资质进行了专业性解释。仲裁报告指出，三名检测人员均符合要求。其中，兴奋剂检测助理(DCA)接受了相关培训，他在生活中可能的确是一名建筑工人，但这一事实并无影响，专家组不认为他的日常工作跟反兴奋剂有冲突。审裁小组认为，孙杨并未在现场对兴奋剂检查官的介入感到不满，而仅仅是在事后为自己的行为寻找理由时，才把兴奋剂检查官的资质拿出来，当作是追溯性的论点。CAS仲裁报告:三名检测人员资质均符合条例 身为建筑工人并无影响            [组图共3张]    原图                            ,"http://ww2.sinaimg.cn/large/75b52ed2ly1gciv4regeuj20sg0j8ab8.jpg,http://ww4.sinaimg.cn/large/75b52ed2ly1gciv4rivinj20j60r6q5n.jpg,http://ww1.sinaimg.cn/large/75b52ed2ly1gciv4rv08jj20c0091wer.jpg",无,无,2020-03-05 10:53,无,786,45,138
IxaS5rjCS,【#上海游客滞留重庆20天# 乞讨为生，睡火车站和工地】  2月29日下午，重庆市沙坪坝区公安分局民警在巡逻中发现一名上海男子流落街头，询问后得知，该男子2月10日独自一人来重庆游玩。刚来就不小心将财务全部遗失，仅剩一些随身衣物。身无分文的他只能露宿街头，向过往旅客乞讨，睡在西站广场的长椅上或附近的建筑工地里。由于男子提供不出家人的联系方式，民警向上海警方寻求协助，最终联系上了男子的妹夫。妹夫称，男子平时独来独往，到重庆来家里人都不知道，希望重庆警方能够帮他尽快回上海。民警帮男子订到了3月1日上午由重庆北至上海虹桥的高铁票。最终，帮助他回到了上海。 @易视频  http://t.cn/A67l78IJ                                ,无,无,无,2020-03-05 10:40,无,84,3,27
Ix6hBfKdh,#深夜饭馆#【照烧鸡腿】浓郁咸香的酱汁包裹着嫩滑的鸡腿肉，再来一碗热腾腾的米饭，简直不要太满足了！大厨教你学做菜的微博视频 ,无,"http://f.video.weibocdn.com/3Lc3HAZnlx07BkmxUgus01041200eNLd0E010.mp4?label=mp4_hd&template=544x960.24.0&trans_finger=7c347e6ee1691b93dc7e5726f4ef34b3&Expires=1585005219&ssig=cuRFkYXtYt&KID=unistore,video",无,2020-03-04 23:00,微博 weibo.com,165,126,20
Ix65qeuKp,#深夜尬聊# 一个美食，让大家知道你的家乡在哪里~ 原图,http://wx4.sinaimg.cn/large/75b52ed2ly1gcfeya5z81j20i20i2wg7.jpg,无,无,2020-03-04 22:30,微博 weibo.com,51,4,142
Ix3h096DB,【院方回应领导补助高于抗疫一线医护：错将临时名单公示为补助标准】网友爆料，陕西安康市中心医院抗疫一线补助不公，医院领导偶尔值班却拿全勤补助，金额远高于一线抗疫职工。医院回应，系审核不严，错将拟上报的临时名单公示为补助标准，将重新核对。目前，安康市纪监委已介入核查。一手video的秒拍视频                                ,无,无,无,2020-03-04 15:20,微博 weibo.com,307,70,99
Ix3guePEI,【广西男子劝架被羁押近400天 获国家赔偿13万】2016年2月16日，因涉及一起打架事件，广西桂林的蒋诗先被指控故意伤害罪。一审获刑13个月后，蒋诗先提起上诉，称其只是劝架并报警，从未参与打人。最终，二审法院将此案发回重审，检方以事实不清、证据不足，作出不起诉决定。2月25日，蒋诗先收到法院送达的赔偿决定书，获国家赔偿13.7万余元。广西男子劝架被羁押近400天 获国家赔偿13万 新京报动新闻的秒拍视频                                ,无,无,无,2020-03-04 15:19,微博 weibo.com,237,31,33
Ix1Mg88XI,【医院领导补助1天9900高于援鄂一线？纪委监委介入】有网友反映，陕西省安康市中心医院存在“医院领导抗疫补助高于援湖北一线人员”问题，甚至有的医生“上一天发热门诊就拿9900”，引发热议。目前，安康市纪委监委已成立核查组开展工作，后续情况将及时向社会公开。医院领导补助高于援鄂一线人员？当地纪委监委彻查 原图,http://wx3.sinaimg.cn/large/75b52ed2ly1gchqlwaczqj20gn0553yv.jpg,无,无,2020-03-04 11:31,微博 weibo.com,263,54,69
Ix1JZdERo,【安倍发言9秒内咳嗽3下 日本网友:别往屁股上擦啊】当地时间3月3日上午，日本首相安倍晋三在参议院预算委员会上发表讲话时捂嘴咳嗽不止，9秒内咳嗽3次。 这段视频和安倍捂嘴咳嗽的图片也引起日本网友热议。有网友吐槽，“戴上口罩，别往衣服上蹭了”。http://t.cn/A67OaLpN  这视频的秒拍视频 ,无,"http://miaopai.video.weibocdn.com/5EXBbh0llx07BpXRfvD20104120052fn0E013.mp4?label=mp4_hd&template=852x480.25.0&trans_finger=62b30a3f061b162e421008955c73f536&Expires=1585005222&ssig=RAG0xFkXIR&KID=unistore,video",无,2020-03-04 11:26,无,47,4,18
Ix1CclfR9,【消逝了10201天的“南医大女生” 】1992年3月20日，南京医科大学大四女生林伶晚自习结束后惨遭侵害，警方排查万人无功而返。28年后，在一次新冠肺炎疫情防控中，警察采集到犯罪嫌疑人麻某某亲属的DNA数据信息，于是顺藤摸瓜，在麻某某家中将其抓获归案。 新闻连环画 | 这次疫情，让深藏28年的杀人案水落石出 ,无,无,无,2020-03-04 11:07,微博 weibo.com,81,12,14
IwWR7zJJj,#深夜饭馆#【糖醋带鱼】用这几个秘诀做出来的糖醋带鱼，色香味俱全，能轻松征服家人的胃～一家三口美食的微博视频 ,无,"http://f.video.weibocdn.com/002GnrcWlx07AbcLUkgg01041201ibP30E010.mp4?label=mp4_hd&template=852x480.25.0&trans_finger=1621fcd5d40969f1c74e6b06e52fcd54&Expires=1585005222&ssig=%2BplFPPLMbm&KID=unistore,video",无,2020-03-03 23:00,烹饪教程 · 视频社区,135,160,5
IwWEVEYTl,#深夜尬聊# 有哪些令人意想不到的冷知识？ 原图,http://wx1.sinaimg.cn/large/75b52ed2ly1gcfeuve7hij20hs0b2dfw.jpg,无,无,2020-03-03 22:30,微博 weibo.com,38,0,33
IwUwxf1IP,【220秒看日本疫情发展轨迹：从“佛系”到“采取一切手段”抗疫】1月16日日本确诊首例病例，2月29日已经累计确诊947例，这43天时间里，日本“新冠肺炎”疫情经历了怎样的变化，戳视频  网易新闻客户端的微博视频 ,无,"http://f.video.weibocdn.com/xMKjMQHIlx07Bpzwx5HW01041200mDWA0E010.mp4?label=mp4_hd&template=852x480.25.0&trans_finger=62b30a3f061b162e421008955c73f536&Expires=1585005223&ssig=53dh6wImZg&KID=unistore,video",无,2020-03-03 17:03,微博视频,16,11,9
IwTFqzIn8,【李文亮同科室同事 梅仲明医生因新冠肺炎去世】3月3日，经记者核实，武汉市中心医院眼科医生梅仲明因新冠肺炎感染去世。他和此前去世的李文亮医生同科室，是该医院眼科副主任、主任医师。据另一名医生介绍，梅仲明医生是在抗击新冠肺炎的战役中倒下，这是该医院第3位殉职的医生。“他和李文亮一组，感染也是前后不久。”李文亮同科室同事 梅仲明医生因新冠肺炎去世            [组图共2张]    原图                            ,"http://ww3.sinaimg.cn/large/75b52ed2ly1gcgqsx41r2j207s0bggll.jpg,http://ww2.sinaimg.cn/large/75b52ed2ly1gcgqsx8hvrj20f00k0jrm.jpg",无,无,2020-03-03 14:53,无,202,20,67
IwTiqdSrH,【纽约州长:新冠肺炎病例80%能自愈 没必要去医院】美国纽约州举办发布会通报新冠肺炎疫情情况，对于纽约州出现首例新冠肺炎确诊病例，纽约州长安德鲁科莫表示，该病例并没有在医院治疗，因为80%的新冠肺炎病例都会自愈，不用去医院。“有危险的20%是那些免疫力低下，身体虚弱的老年患者。好消息是，小孩子看上去不会被感染。”纽约州长:新冠肺炎病例80%能自愈 没必要去医院 青蜂侠Bee的秒拍视频                                 ,无,无,无,2020-03-03 13:56,无,84,20,61
IwTdI08yo,【#你为什么还买不到口罩# 科普一下：#口罩其实是高科技产品# 】局长来了！啥？每一个普通的#口罩#实际上都是“高科技产品”，口罩是怎么制成的？揭秘口罩里意想不到的科技含量，戳视频>>>网易财经的微博视频 ,无,"http://f.video.weibocdn.com/PoEiaRPilx07BoXRWFug01041201MBps0E010.mp4?label=mp4_hd&template=852x480.25.0&trans_finger=1621fcd5d40969f1c74e6b06e52fcd54&Expires=1585005248&ssig=U7cxyuvzq%2B&KID=unistore,video",无,2020-03-03 13:44,财经 · 视频社区,5,7,1
IwT5HxCpG,【云南临沧教体局:大锅药能提高免疫力 不能预防肺炎】云南临沧“强制师生服用大锅药方可入学”引起热议。今日，临沧市教体局再次回应称，大锅药并不能预防新冠肺炎，推出目的系提高师生免疫力；去年11月也曾统筹、组织服用大锅药，但基于自愿原则，已对“强制”做法在内部进行批评和诫勉谈话。此前，临沧市临翔区教体局下发通知，要求区直属学校及幼儿园的学生家长，自行购药并上传喝药照片。当地部分药店出现抢购潮。云南临沧教体局:大锅药能提高免疫力 不能预防肺炎            [组图共2张]    原图                            ,"http://ww3.sinaimg.cn/large/75b52ed2ly1gcgo9ca6psj20hs0buaap.jpg,http://ww2.sinaimg.cn/large/75b52ed2ly1gcgo9cf93jj20u00h1jt7.jpg",无,无,2020-03-03 13:25,无,144,10,39
IwT1DcGnl,【武汉城管围殴配菜员？官方：辞退三名城管】3月2日，有网友上传一段城管与市民的争执视频，约10名武汉城管用群殴的方式暴力执法，殴打一名配菜分拣员。据悉，视频中黄衣男子是一家民营生鲜企业的员工，在小区门外分拣配菜，“小区的好心业主将自己的门店让出来，但城管说这是违法经营，也不听解释，上来就要收东西”。武汉市江汉区政府办公室通报，对发生冲突的城管人员吕某某、蒋某某、李某某予以辞退，对负有管理责任的汉兴街公共管理科相关负责人予以立案调查。武汉城管围殴配菜员？官方：视频真实 警方已受理 红星视频的秒拍视频                                ,无,无,无,2020-03-03 13:15,无,297,25,83
IwNqCr0A6,#深夜饭馆#【烹饪技能-水煮】我就是用这种水煮方法，学会了水煮肉片、水煮鱼片等等的~天天美食推荐的微博视频 ,无,"http://f.video.weibocdn.com/002dNPUkgx07BkxDiMl901041200DpbI0E010.mp4?label=mp4_hd&template=852x480.25.0&trans_finger=62b30a3f061b162e421008955c73f536&Expires=1585005271&ssig=u39pkiHKz3&KID=unistore,video",无,2020-03-02 23:00,微博 weibo.com,214,272,23
IwNer8MA1,#深夜尬聊# 你认为，饭圈文化有哪些应当加以管控的地方？ 原图,http://wx3.sinaimg.cn/large/75b52ed2ly1gcferrbekzj20c80c83yw.jpg,无,无,2020-03-02 22:30,微博 weibo.com,257,8,64
IwKDXjONd,"【事态升级！肖战粉称为偶像偿命 平台写手晒""遗书""】近日，因肖战粉丝举报CP同人文，导致知名同人文平台AO3被禁，引发许多网友的愤怒和讨伐。事发后，一些肖战粉丝因难忍偶像被抵制和辱骂，在网上留下惊人言论“不要骂哥哥了，我偿命，可以吗”“我会跳下去的，再见互联网”；一位同人文写手也晒出“遗书”，直言“我爱你们，但我说过我不会为你们活下来。如果你们看到这封东西，那我可能已经成功死掉了。”事态升级！肖战粉称为偶像偿命 平台写手晒""遗书""            [组图共3张]    原图                            ","http://ww4.sinaimg.cn/large/75b52ed2ly1gcfmy19960j20rs0ijgm4.jpg,http://ww2.sinaimg.cn/large/75b52ed2ly1gcfmy19cwzj20rr0rs0u2.jpg,http://ww1.sinaimg.cn/large/75b52ed2ly1gcfmy19brdj20rs0hkt9y.jpg",无,无,2020-03-02 15:54,微博 weibo.com,5483,217,1519
IwKpvqAqy,【云南临沧师生被强制服用大锅药：紧急叫停】据网友爆料，云南临沧强制师生服用 “大锅药”，学生需服药才能报到入学。“大锅药”给出中医药预防药方，教育体育局值班人员称，对新型冠状病毒能起到预防作用。随后，云南临沧官方通报，紧急叫停该行为。市教育体育局称，本意只是“倡议”学生服用，但个别区县执行时与要求不符。新京报我们视频的秒拍视频                                ,无,无,无,2020-03-02 15:19,微博 weibo.com,117,40,54
IwKlm3oy6,【刑满释放人员为何能离汉抵京？#联合调查组公布黄某英事件调查结果#：#黄某英事件是因失职渎职导致的严重事件#】2月26日，经中央政法委批准，司法部牵头，会同中央政法委、最高人民检察院、公安部组成联合调查组。2月27日，联合调查组赶赴湖北，在湖北省调查组的密切配合下，就武汉女子监狱刑满释放人员黄某英感染新冠肺炎离汉进京事件进行调查。3月2日，联合调查组公布调查结果，认为“黄某英事件”是一起因失职渎职导致的严重事件，性质恶劣，影响极坏，给首都疫情防控工作带来极大隐患。（人民日报）联合调查组公布黄某英事件调查结果：黄某英事件是因失职渎职导致                原图                            ,http://wx1.sinaimg.cn/large/75b52ed2ly1gcfln2ojj3j20u00u0qgg.jpg,无,无,2020-03-02 15:08,微博 weibo.com,61,11,30
IwK03aT07,【瑞德西韦临床试验缺患者 和太极拳及豆浆疗法抢人】瑞德西韦传出临床试验患者入组不足的消息。除了瑞德西韦在临床试验上设置的较高门槛外，至今已有近300项新冠肺炎临床试验在中国临床试验注册中心上登记，其中不乏太极拳、中药注射液、大豆提取物（豆浆）等治疗手段，这无疑会起到“分流“作用。瑞德西韦临床试验缺患者 和太极拳及豆浆疗法抢人            [组图共2张]    原图                            ,无,无,无,2020-03-02 14:16,微博 weibo.com,447,93,222
IwJg3ErNG,【湖南岳阳有人强拉妇女上车？当事人:以为是自己妻子】女子庞某情上班途中，被两个陌生人强行拉走上车，因怀疑是拐卖妇女儿童的人，便将自己的经历发布网络。警方通报：当日，车上人员方某族与其弟寻找因争吵而离家出走的妻子，方某族误以为庞某情是其妻子，便下车抓住她要求跟其上车，庞某挣扎跑开。目前双方已达成调解，经法制教育，庞某情认识到发布不实信息的错误行为，删除了相关信息，并积极消除不良影响。湖南岳阳有人强拉妇女上车?当事人:以为是自己妻子            [组图共2张]    原图                            ,无,无,无,2020-03-02 12:23,微博 weibo.com,44017,6053,1639
IwJ2urdhX,【9人来鄂探亲滞留吃光亲家3头猪 就剩下蛋母鸡没杀】近日，亲家17口人年前探亲滞留湖北荆州，家中物资被吃光消息热传。当地村书记称消息不完全属实，客人共9人，当事人自家有8人。当事人称物资足够，吃了几百斤大米和三头猪，就剩下蛋的母鸡没杀，床不够自己睡卫生间。9人来鄂探亲滞留吃光亲家3头猪 就剩下蛋母鸡没杀...全文,无,无,无,2020-03-02 11:49,微博 weibo.com,85,16,29
IwISLjXOo,【河南一贫困户女儿因无法在家上网课 吞药物自杀】河南邓州，初三女生李某敏因家中贫困，没有钱买手机按时跟听学校网课，将母亲治疗精神疾病的药物大量吞下，导致生命垂危，至今在医院抢救。据了解，李某敏父亲由于左腿残疾，不能种地，只能靠平时在街上给人补鞋来维持生计，而母亲患有精神病，没有劳动能力，还要常年吃药，每个月药费要几百块。李某敏家中共有姐弟三人，姐姐17岁，在邓州市二高中上高一；弟弟13岁，上六年级，要考初中。因受疫情影响，各个学校都组织老师网上授课，让学生在家用智能手机听课学习。无奈之下，李汉党东挪西凑了一些钱，让邻居帮忙在网上给孩子们买了一部智能手机。因为只有一部手机，姐姐和弟弟也要用，她能用的时间也没多少。李某敏一方面落下了许多功课，同时还要面对老师和同学们的质疑，因此一时想不开，选择吞食母亲的治疗药物，企图以此结束生命。事发后，村里有好心人组织捐款，累计捐款一万余元，全部交到了李某敏家人手中。（中国网)河南邓州一贫困户女儿因无法正常在家上网课 吞下药物自杀            [组图共2张]    原图                            ,无,无,无,2020-03-02 11:25,微博 weibo.com,4517,580,1013
Iwuyco1jw,#硬核理发# 【理发师用1米长柄帮顾客剃头发】疫情当下，理发店逐步复工，理发师们为了安全，祭出珍藏已久的行业绝活——长柄理发大法，以便和顾客保持1米以上的距离。看视频，Tony老师们眼神准，心态稳，手不抖，技术很到位啊 @易视频  http://t.cn/A67cxDf1 ,无,无,无,2020-02-29 22:56,无,207,104,62
Iwl97xJdI,#深夜饭馆#【东北溜肉段】教你学做一道家常菜，特别好吃！土味食堂的微博视频 ,无,"http://f.video.weibocdn.com/AcOQY7umlx07Bah4GGFi01041200rXwp0E010.mp4?label=mp4_hd&template=576x1024.24.0&trans_finger=7c347e6ee1691b93dc7e5726f4ef34b3&Expires=1585005361&ssig=sogPTAuMeU&KID=unistore,video",无,2020-02-28 23:00,微博 weibo.com,107,73,12
IwkWWzAQk,#深夜尬聊# 你认为生活中有哪些“智商税”？ 原图,http://wx3.sinaimg.cn/large/75b52ed2gy1gc7djnh5jsj207o067dgx.jpg,无,无,2020-02-28 22:30,微博 weibo.com,292,3,91
IwkirbTFF,【#环卫工一个3M口罩戴了30天# 破了就缝，脏了就洗】2月26日，西安长安区的环卫工陈师傅正在街边维修一个皮筋断掉的3M口罩。陈大叔表示这个口罩是年前别人给他的，已经用了30余天，因为灰尘大自己每天还要拿热水和消毒液清洗口罩，坏掉了就修修继续用。他说公司也发过口罩，但这么多天一共就两个薄薄的一次性口罩，不耐用。 http://t.cn/A67La4VD                                ,无,无,无,2020-02-28 20:50,无,603,96,121
Iwjx9E1VJ,"【孙杨:对结果感到震惊愤怒! 将提起上诉,坚信自己清白】国际体育仲裁法庭就国际反兴奋剂机构(CAS)就国际反兴奋剂机构(WADA)起诉国际泳联(FINA)及孙杨一案作出判决，最终孙杨败诉，被禁赛8年。随后，孙杨通过微博发表了自己对此事的震惊愤怒和不理解，并表示就CAS在本案审理过程中存在的问题将委托律师上诉至瑞士联邦最高法院，让更多人知道真相，坚信自己是清白的。孙杨:对结果感到震惊愤怒! 将提起上诉,坚信自己清白            [组图共2张]    原图                            ",无,无,无,2020-02-28 18:53,无,546,6,113
IwhO7ruAW,#跟汪顺一起运动#疫情当下的我们，一定要保持强健的体魄。世界冠军@汪順Steve 向你发出运动邀请，并亲身示范了一套居家健身的完整动作，干货满满~快快准备好瑜伽垫，和汪顺一起在家动起来吧！#只要家中还有网，生活还是很容易# 网易新闻客户端的微博视频 ,无,"http://f.video.weibocdn.com/7xlaILpPlx07BiReqZSw01041200dgEH0E010.mp4?label=mp4_hd&template=632x480.25.0&trans_finger=62b30a3f061b162e421008955c73f536&Expires=1585005382&ssig=XQM8DbQGfr&KID=unistore,video",无,2020-02-28 14:30,微博 weibo.com,214,102,34
IwhBWaDkB,#陈一冰教你居家运动#被疫情困在家中的你，已经多久没有运动了？快收下奥运冠军@陈一冰 的现场教学，手把手教你居家运动！让我们跟着“最强教练”的动作，在家中动起来吧~#只要家中还有网，生活还是很容易# 网易新闻客户端的微博视频 ,无,"http://f.video.weibocdn.com/DxzLEpKOlx07BiR49mrC01041200kFva0E010.mp4?label=mp4_hd&template=632x480.25.0&trans_finger=62b30a3f061b162e421008955c73f536&Expires=1585005382&ssig=mnDTy%2BB9HE&KID=unistore,video",无,2020-02-28 14:00,微博 weibo.com,75,669,14
IwgPUul1I,【#夫妻来武汉看病被滞留成流浪汉#，靠捡剩饭生活】2月26日晚，武汉长江大桥上，一群志愿者发现一对流浪汉夫妻。他们从年前就来武汉，丈夫陪妻子来武汉治疗慢性肺炎，不料武汉封城，滞留在武汉，他们准备从武汉走回咸宁。志愿者看到后，送给他们饼干、被子等生活用品，还脱了一件大衣给他们。http://t.cn/A67Lilft                                ,无,无,无,2020-02-28 12:01,微博 weibo.com,636,86,146
Iwg8l6OrG,#只要家中还有网，生活还是很容易#疫情当下，宅在家中不知所措？网易新闻送你一份宅家指南——@陈一冰 @张培萌 @汪順Steve 邀你一起“宅家”运动，愿春暖花开再相见，你能瘦成一道闪电；前线医生守护“宅家”身心健康，愿你即便没有聚会，也能笑口常开。快来开启你不一样的“宅生活”吧！ [组图共3张]原图,无,无,无,2020-02-28 10:14,无,6,2,1
Iwg7qnkfO,#只要家中还有网，生活还是很容易#被疫情困在家中的你，已经多久没有运动了？网易新闻携手体坛名将@陈一冰、@张培萌、@汪順Steve ，向你发出“宅家”运动邀请。快跟随“最强教练”们的步伐，一起在家动起来，愿春暖花开再相见，你能瘦成一道闪电！ 网易新闻客户端的微博视频  ,无,"http://f.video.weibocdn.com/E8kb8OeLlx07BhKMDFnq010412002mWi0E010.mp4?label=mp4_hd&template=480x844.25.0&trans_finger=1621fcd5d40969f1c74e6b06e52fcd54&Expires=1585005384&ssig=%2FerwMkQnCF&KID=unistore,video",无,2020-02-28 10:12,无,19,2,2
IwbID0YQ1,#深夜饭馆#【自制鸡翅】在家这样做鸡翅，真的超好吃！长春生活家的微博视频 ,无,"http://f.video.weibocdn.com/t94QlFyRlx07BaQlMbAc01041200p5BV0E010.mp4?label=mp4_hd&template=480x852.24.0&trans_finger=7c347e6ee1691b93dc7e5726f4ef34b3&Expires=1585005385&ssig=EqzVBfXlEz&KID=unistore,video",无,2020-02-27 23:00,微博 weibo.com,160,113,24
IwbwrpR3v,#深夜尬聊# 疫情之下，你有哪些遭遇或转变？ 原图,http://wx4.sinaimg.cn/large/75b52ed2gy1gc7de8zspjj20dw099757.jpg,无,无,2020-02-27 22:30,微博 weibo.com,28,3,25
Iw7Jt6GIZ,【钟南山：我们有信心 四月底基本控制疫情】钟南山院士在广州医科大学疫情防控专场新闻通气会上表示，“根据我们团队在传统模型基础上加上影响因素，国家强力干预和春节后的回程高峰消除后，预测高峰应该在2月中接近2月底。到了2月15日，数字果然下来了。我们更接近国外权威的预测值。我们有信心，四月底基本控制。”钟南山：我们有信心 四月底基本控制疫情                原图                            ,http://wx3.sinaimg.cn/large/75b52ed2ly1gcav6k0tckj20u00k0t9e.jpg,无,无,2020-02-27 12:51,无,22,4,12
Iw7HKpZ9j,【钟南山：如12月初就严防的话 病人将会大幅减少】广州市政府新闻办疫情防控专场新闻通气会上，钟南山院士表示，21世纪已经有三次冠状病毒的感染，凡是发现冠状病毒的感染，马上要严防扩散，这次就是一个极大的教训。假如我们在12月初，甚至是1月初能够采取严格防控措施的话，我们的病人将会大幅减少。我们曾经估计过，要是25号再实施的话，我们将会增加到十几万人。中国日报的微博视频 钟南山：如12月初就严防的话 病人将会大幅减少                                ,无,无,无,2020-02-27 12:46,无,204,45,58
Iw6C1c02L,#搜狗输入办公神技# 让云办公搜easy！@搜狗输入法 携手@网易新闻客户端 带你一起体验【传输沟通破“壁”机】文字扫描、多国语音翻译让国内外case也能轻松搞定！关注@搜狗输入法 ，带 #助力云办公 抗疫更轻松# 转发微博，3月4日抽2人平分200开工红包  抽奖详情 原图,http://wx3.sinaimg.cn/large/75b52ed2gy1gca34murh1j20h40uawgv.jpg,无,无,2020-02-27 10:00,微博 weibo.com,228,656,409
IvXugw0d9,【国际奥委会：若疫情5月得不到控制 东京奥运或取消】据美联社消息，国际奥委会高级成员说，如果新冠肺炎疫情在5月下旬得不到控制，2020年东京奥运会可能将被取消，而不是推迟或换城市举办。国际奥委会：若疫情5月得不到控制 东京奥运或取消 原图,http://wx1.sinaimg.cn/large/75b52ed2ly1gc9lyad8w1j20n00h9jru.jpg,无,无,2020-02-26 10:46,无,42,7,13
IvTBNarEy,【网易有道上市短片《感谢学习者》获伦敦国际电影节最佳短片奖】近日，第64届伦敦国际电影节公布获奖名单，网易有道上市宣传片《感谢学习者》代表中国获2020年伦敦国际电影节最佳5分钟内短片奖。据悉，《感谢学习者》是网易有道2019年赴美上市的宣传短片，讲述了包含街边大排档老板娘、刚刚踏入岗位的实习护士、复读一年的高考生、地铁里低头阅读的白领等19位真实努力学习的中国学习者的故事，体现了中国学习者虽身处不同的行业，身负不同的压力和困难，但仍在平凡的生活中坚持不断进步。网易有道的创作者透露，短片最初的创作理念是：正是因为中国每一位坚持努力的学习者，才成就了网易有道这家中国领先的智能学习公司，网易有道感谢学习者。http://t.cn/A67huzS7                原图                            ,http://wx2.sinaimg.cn/large/75b52ed2ly1gc94tp7sygj20fh08ndfx.jpg,无,无,2020-02-26 00:53,无,6,6,3
IvSRDCMvf,#深夜饭馆#【葱油拌面】出不了门，那就在家做一碗香喷喷的葱油拌面吧~五分钟就能搞定，今天就来炸点葱油！土味食堂的微博视频 ,无,"http://f.video.weibocdn.com/fJrNtDvGlx07Bak92tBe01041200n86O0E010.mp4?label=mp4_hd&template=852x480.25.0&trans_finger=62b30a3f061b162e421008955c73f536&Expires=1585005409&ssig=qrMZlKj1NB&KID=unistore,video",无,2020-02-25 23:00,微博 weibo.com,545,400,40
IvSFs0ZFf,#深夜尬聊# 你多久没剪头发了？描述一下你的发型吧 原图,http://wx3.sinaimg.cn/large/75b52ed2gy1gc7d7avms8j20b40b0gm0.jpg,无,无,2020-02-25 22:30,微博 weibo.com,29,4,24
IvON1lYUY,【世卫组织：中国疫情顶峰已过 尚未构成全球性大流行】世界卫生组织总干事谭德塞24日表示，世卫组织和中国联合专家考察组已结束在中国的疫情考察工作，专家组认为中国防控疫情措施避免了大量病例，疫情顶峰已过，尚未构成全球性大流行，有关情况应给所有国家带来防控疫情的信心。专家组认为，中国疫情在1月23日至2月2日期间达到顶峰，此后一直在稳步下降。轻症患者康复时间平均约为两周，重症患者可能需要三到六周才能康复。中国防控疫情的措施避免了本可能出现的大量病例。世卫组织：中国疫情顶峰已过 尚未构成全球性大流行                原图                            ,http://wx1.sinaimg.cn/large/75b52ed2ly1gc8jjyhqptj20iw0cmwep.jpg,无,无,2020-02-25 12:37,无,220,11,54
IvOLGCeeg,"【韩国集会组织者称下周继续""得病死了也没事"" 市长:强拆】2月22日及23日，由牧师全光勋主导的韩国泛国民斗争本部，不顾禁令在光华门广场举行大规模集会，并预告下周末将继续集会，全光勋当日称”得病死了也没关系，我们的目的就是死""。2月24日，首尔市长朴元淳称届时将强拆集会设施。时差视频的微博视频                                ",无,无,无,2020-02-25 12:34,无,105,24,60
IvOH0apsJ,【韩国人来华躲避疫情致飞往青岛航班爆满？官方回应】韩国新冠肺炎确诊人数激增，从韩国首尔飞往中国山东青岛的航班价格暴涨、一票难求。昨日，网传韩国人来青岛躲避疫情、不需要强制隔离、首尔飞青岛航班爆满等。据@青岛发布 ，青岛市新冠肺炎疫情防控指挥部第32次会议中强调，要在全面做好社区防控的同时，严防境外人员输入，强化风险评估和口岸检疫，严格落实来青人员体温检测和居家隔离等措施，主动做好外籍人士沟通解释和服务保障工作，坚决防止疫情输入扩散。韩国人来华躲避疫情致飞往青岛航班爆满？官方回应            [组图共3张]    原图                            ,无,无,无,2020-02-25 12:22,无,62,6,29
IvJr92MIY,#深夜饭馆#【葱花油饼】宅家不如学做饭，全网最软葱花油饼，比油条还好吃！天天美食推荐的微博视频 ,无,"http://f.video.weibocdn.com/004zeJKRgx07B9HCHZkA01041200tWNz0E010.mp4?label=mp4_hd&template=576x1024.24.0&trans_finger=7c347e6ee1691b93dc7e5726f4ef34b3&Expires=1585005444&ssig=bJO8lihJTs&KID=unistore,video",无,2020-02-24 23:00,微博 weibo.com,148,132,21
IvJeXb342,#深夜尬聊# 你什么时候复工？ / 复工多久了？ 原图,http://wx2.sinaimg.cn/large/75b52ed2gy1gc7d1xysnjj20hr07zmxc.jpg,无,无,2020-02-24 22:30,微博 weibo.com,19,2,52
IvcCmAusP,疫情当下，如何选择合适的口罩进行自我防护？快收下这份 @释小龙Ashton  分享的“口罩使用指南”。特殊时期，我们呼吁将N95级别的口罩留给前线医护人员，科学防疫，理性应对，一起为武汉加油，一起为中国加油！上流君的微博视频 ,无,"http://f.video.weibocdn.com/fTdUkbfclx07B7DX7DPa010412005Fsb0E010.mp4?label=mp4_hd&template=960x480.25.0&trans_finger=1621fcd5d40969f1c74e6b06e52fcd54&Expires=1585005454&ssig=xHX0tW8F8W&KID=unistore,video",无,2020-02-21 11:27,明星资讯 · 视频社区,5,1,3
Ivc2KmjYH,【浙江十里丰监狱34名罪犯确诊 监狱政委监狱长被免职】记者从省监狱管理局获悉，浙江省十里丰监狱确诊27例新冠肺炎，加上此前已公布的7例确诊病例，该监狱共有罪犯确诊病例34例，为输入型病例。事发后，省监狱系统对疑似病例及其密切接触者一律隔离观察，对确诊患者一律送诊治疗，目前没有发生罪犯感染死亡事件。监狱政委和监狱长已被免职，公安机关对一名涉事干警立案调查。浙江十里丰监狱34名罪犯确诊 监狱政委监狱长被免职                原图                            ,http://wx2.sinaimg.cn/large/75b52ed2gy1gc3shy5977j208605fgmy.jpg,无,无,2020-02-21 09:59,微博 weibo.com,142,39,54
IvbZY3WuM,【没有17连降！湖北以外地区新增病例出现反弹】据国家卫健委数据统计，2月20日0-24时，全国除湖北以外地区新增确诊病例258例，出现反弹情况。过去这一数据分别为：890例(3日)、731例(4日)、707例(5日)、696例(6日)、558例(7日)、509例(8日)、444例(9日)、381例(10日)、377例(11日)、312例(12日)、267例...全文原图,http://wx3.sinaimg.cn/large/75b52ed2gy1gc3sajwxz6j20en08c0ta.jpg,无,无,2020-02-21 09:52,微博 weibo.com,70,21,47
IvbJeBO3R,【日本暂不强制取消大型活动 政府建议活动主办方阻止感冒症状者参与】据日媒20日报道，厚生劳动省大臣加藤胜信在发布会上称，目前不会强制要求主办方取消各类活动。他同时提出，主办方应据情况商讨是否如期举行活动。在举行活动时，主办方应阻止有感冒症状的人参加活动，并做好防疫的准备。时差视频的微博视频                                ,无,无,无,2020-02-21 09:11,无,53,6,34
IvbFgcK0a,"【李兰娟：所有感染病人都找出来 才是""拐点""到了】中国工程院院士、国家卫健委高级别专家组成员李兰娟表示，当前各级政府控制疫情措施的力度是很大的，按照此趋势下去，不用太长时间，武汉的疫情是能够控制下来的。不过，当前疫情形势依旧严峻。“如果所有的感染病人都找出来了，那才是‘拐点’到了。”在李兰娟看来，不能仅从确诊、疑似病例等数据下降来判断疫情，不把传染源彻底、仔细找出，“谁都难说‘拐点’”。李兰娟：所有感染病人都找出来 才是""拐点""到了            [组图共3张]    原图                            ",无,无,无,2020-02-21 09:01,无,95,24,48
Ivbz930Du,【湖北市场监管局干部无端训斥医护人员 被停职检查】2月20日晚，网传武汉市第七医院患者无端训斥医护人员的视频。湖北省市场监管局在核实该患者为该局后勤服务中心筹备组副组长朱保华后，连夜召开党组会决定：对朱保华停职检查，根据调查情况进行严肃处理；责成朱保华所在党支部对其进行严肃批评教育，帮助其改正错误；责令朱保华向相关医护人员和所属医院真诚道歉，并向组织作出深刻反省和检查；在系统内进行通报批评，组织各党支部深入讨论，深刻汲取教训；组织党员干部进一步深入学习贯彻习近平总书记关于疫情防控工作的重要讲话和指示批示精神，学习广大医护人员用生命护佑生命的崇高境界和牺牲精神，坚决落实省委、省政府部署要求，用实际行动为打赢疫情防控阻击战作出应有贡献。湖北市场监管局干部无端训斥医护人员 被停职检查  协和老万的微博视频                                ,无,无,无,2020-02-21 08:46,无,80,56,0
Iv47RAbSo,【世卫组织：没有证据表明新冠病毒由实验室制造】2月19日，在世卫组织东地中海区域办事处新闻发布会上，世卫组织东地中海区域主任称，没有证据表明新型冠状病毒是实验室制造的，也没有证据表明新冠病毒是以生物武器的身份制造出来的，新冠病毒来自动物界。 http://t.cn/A6hlSwAY 世卫组织：没有证据表明新冠病毒由实验室制造 ,无,无,无,2020-02-20 13:49,无,170,19,77
Iv3hXBUmb,疫情之下，戴两层口罩防护其实是错误的做法。让我们和@尚九熙 @何九华 一起学习关于“如何正确使用口罩”的防疫知识，特殊时期，科学防护，让我从自身做起，做好自我防护，共同加油战“疫”！上流君的微博视频 ,无,"http://f.video.weibocdn.com/PnD5JhFClx07B633UuGI010412008DJ50E010.mp4?label=mp4_hd&template=960x480.25.0&trans_finger=1621fcd5d40969f1c74e6b06e52fcd54&Expires=1585005572&ssig=bx8%2Fuu3XRt&KID=unistore,video",无,2020-02-20 11:42,明星资讯 · 视频社区,89,30,24
IuKnFrS0i,疫情当下，在口罩中垫一层纸使用，是错误的防护方式。快收下这份@Crystal张天爱  分享的防疫指南。特殊时期，正确防护，科学防护，一起为武汉加油，为中国加油。上流君的微博视频 ,无,"http://f.video.weibocdn.com/RQcDCBbTlx07B2PWBqG4010412003AI30E010.mp4?label=mp4_hd&template=960x480.25.0&trans_finger=1621fcd5d40969f1c74e6b06e52fcd54&Expires=1585005610&ssig=qorkG9LbBz&KID=unistore,video",无,2020-02-18 11:33,明星资讯 · 视频社区,12,1,4
IuJ9EFclU,【继续下降！全国除湖北以外地区新增病例14连降】据国家卫健委数据统计，2月17日0-24时，全国除湖北以外地区新增确诊病例79例，连续第14日呈下降态势。过去这一数据分别为：890例（3日）、731例（4日）、707例（5日）、696例（6日）、558例（7日）、509例（8日）、444例（9日）、381例（10日）、377例（11日）、312例（12日）、267例（13日）、221例（14日）、166例（15日）、115例（16日）。继续下降！全国除湖北以外地区新增病例14连降                                ,无,无,无,2020-02-18 08:26,无,14,4,4
IuDdbi9bP,【武汉病毒所陈全姣声明：从未举报，请大家严防相关阴谋和破坏】2月17日，中国科学院武汉病毒所陈全姣发布声明：从未发布任何相关举报信息，对冒用本人身份捏造举报信息的行为表示极大愤慨，将依法追究造谣者的法律责任。近期一系列谣言，已对我们一线科研人员科研攻关造成了影响，请大家严防相关阴谋和破坏活动。武汉病毒所陈全姣声明：从未举报 严防阴谋和破坏                原图                            ,http://wx1.sinaimg.cn/large/75b52ed2ly1gbziq236p1j20s00jb0ug.jpg,无,无,2020-02-17 17:18,无,98,2,46
IuBUyanlm,【主人春节回武汉至今未归 邻居用晾衣杆救活金毛犬】广州番禺有一只名叫仔仔的金毛狗狗，他的主人春节前回湖北老家至今未回，仔仔天天独自在家，面临断水断粮。对面阳台的徐小姐发现了这种情况，每天用一根晾衣杆隔着阳台给对面的金毛狗狗送水送食，连续6天“隔空”照顾它。主人春节回武汉至今未归 邻居用晾衣杆救活金毛犬 广州日报的微博视频                                ,无,无,无,2020-02-17 14:00,无,1523,349,88
IuBNb1iEA,疫情期间，让我们和@R1SE官博  一起承诺，勤洗手，少出门，出门戴口罩！防疫抗疫，人人有责。相信我们一定可共克时艰，共渡难关！上流君的微博视频 ,无,"http://f.video.weibocdn.com/sm2LFnN2lx07B1efOAHu010412003FWb0E010.mp4?label=mp4_hd&template=960x480.25.0&trans_finger=1621fcd5d40969f1c74e6b06e52fcd54&Expires=1585005642&ssig=1bROar0vnh&KID=unistore,video",无,2020-02-17 13:42,明星资讯 · 视频社区,8,0,1
IuAFJ85r4,【#一家人在家打麻将遭防疫人员打砸#  难道一家人不能一起吃饭吗？】疑似湖北孝感一家三口在家打麻将被邻居举报，防疫人员进屋二话不说直接打砸，视频中小伙起身反抗却遭拖出屋外连扇耳光。望着被彻底砸毁的电子麻将桌，小伙最后质疑：难道一家人不可以一起吃饭吗？ 凤凰网的微博视频 ,无,"http://f.video.weibocdn.com/aG0UYHHPlx07B14iv1iE01041200m3kV0E010.mp4?label=mp4_hd&template=854x480.25.0&trans_finger=62b30a3f061b162e421008955c73f536&Expires=1585005643&ssig=pkNvmjnZHj&KID=unistore,video",无,2020-02-17 10:50,无,1721,282,445
IuADsuhLV,"【“追殡葬车哭喊妈妈”女孩去世?知情人:其在居家观察】2月16日，网友发布“追殡葬车哭喊妈妈”女孩去世消息引发关注。知情人表示，16日与女孩联络过，其状态尚可，与父亲二人居家隔离中。视频是2月2日拍摄于湖北省中西医结合医院，女孩母亲是新冠肺炎高度疑似病例，当天觉得不舒服去的医院，后经抢救无效去世，随后被拉走直接火化。""追殡葬车哭喊妈妈""女孩去世?知情人:其在居家观察  “追殡葬车哭喊妈妈”女孩去世？谣言！正在家中隔离                                 ",无,无,无,2020-02-17 10:45,无,274,55,106
IurF75myW,疫情当下，正确认识新冠肺炎是每个人防疫过程中的重要一环。来听听@张新成 分享的“如何区分普通感冒和新冠肺炎？”，让我们一起克服焦虑，理性应对，科学防护。上流君的微博视频 ,无,"http://f.video.weibocdn.com/VEiIqSGdlx07AZFp8TLO010412006idM0E010.mp4?label=mp4_hd&template=960x480.25.0&trans_finger=1621fcd5d40969f1c74e6b06e52fcd54&Expires=1585005651&ssig=BPTv3udLVP&KID=unistore,video",无,2020-02-16 11:54,无,439,28,60
IulIGEmLK,【中国疾控中心主任高福：正与世卫专家研讨疫情防控】针对网络上散布的不实消息，中国疾控中心主任高福表示，正接待从世界各地赶来的世卫组织专家，研讨、沟通新冠肺炎的防治工作。他表示，中国一直坚持公开、透明、负责任的原则和态度，和国际社会广泛合作。据悉，高福领导下的中国疾控中心连日来一直联合全国疾控中心的驰援团在湖北一线开展病人的检测和流行病学调查。中心也正在抓紧疫苗研发、药物测试工作，各种防控方案制定和科普宣传工作等也一直在有序进行中。中国疾控中心主任高福：正与世卫专家研讨疫情防控                原图                            ,http://wx4.sinaimg.cn/large/75b52ed2ly1gbxdi2csbvj20j60brdg1.jpg,无,无,2020-02-15 20:47,无,942,99,197
IujcTlgdB,【男子称父亲派车接其回荆州 其父系科长已被停职】据@荆州发布 ，14日晚，一微博网民“Euamoter”网上发帖称“当官的父亲派车接其回荆州”，引发广泛关注。经连夜调查，已证实该微博网民真实姓名何昊，其父何炎仿，系荆州市商务局市场运行科科长。14日，何昊在天门完成规定隔离期后，通过其父何炎仿的私人关系，联系一辆由天门来荆州采购物资的顺风车返回荆州，途中在微博上发表相关言论。目前，荆州市纪委监委责成派驻纪检监察组会同荆州市商务局党组就此舆情反映的问题展开调查，荆州市商务局党组已对何炎仿作停职处理。男子称父亲派车接其回荆州 其父系科长已被停职            [组图共2张]    原图                            ,无,无,无,2020-02-15 14:23,无,130,22,42
Iui1re5Ly,疫情当下，每一个人都要做好正确的自我防护，避免相信各类疫情谣言。让我们和@张鹤伦 @郎鹤炎  一起学习正确的自我防护，粉碎疫情谣言。特殊时期，需要每个人理性应对，科学防疫，共同加油！上流君的微博视频 ,无,"http://f.video.weibocdn.com/LimEpFt0lx07AY4w1zBC010412009bQU0E010.mp4?label=mp4_hd&template=960x480.25.0&trans_finger=1621fcd5d40969f1c74e6b06e52fcd54&Expires=1585005712&ssig=dpo2FCJNL7&KID=unistore,video",无,2020-02-15 11:22,无,20,1,6
IubBIpnlO,【图解科普：害死你的不是病毒，是失控的免疫力】新冠病毒肺炎是自限性疾病，患者在一段时间后会自然康复。但很多患者没等到康复，就被自己的免疫系统“杀死”了。 图解新冠肺炎：害死你的不是病毒，是失控的免疫力 ,无,无,无,2020-02-14 19:02,微博 weibo.com,62,44,29
IuasLqScS,【民航总医院杀医案二审宣判：维持一审死刑判决】2月14日，北京市高级人民法院二审开庭审理孙文斌故意杀人上诉案，驳回孙文斌的上诉，维持原判，对孙文斌的死刑判决依法报请最高人民法院核准。1月16日，北京市第三中级人民法院对被告人孙文斌故意杀人案进行一审公开审理，认定孙文斌犯故意杀人罪，判处死刑，剥夺政治权利终身。一审宣判后，孙文斌不服，提出上诉。民航总医院杀医案二审宣判：维持一审死刑判决                原图                            ,http://wx2.sinaimg.cn/large/75b52ed2ly1gbvzszd35rj20u00k1wgm.jpg,无,无,2020-02-14 16:07,无,61,2,19
Iu8ClgySF,疫情当下，“外出购物回家后应该如何消毒？”，赶快收下@BIGBIG张大大  分享的这份防护指南。正确防护，科学防疫，共同战“疫”！上流君的微博视频 ,无,"http://f.video.weibocdn.com/Xfi7yW69lx07AWtmms0M010412006IBy0E010.mp4?label=mp4_hd&template=960x480.25.0&trans_finger=1621fcd5d40969f1c74e6b06e52fcd54&Expires=1585005755&ssig=QOlI9t7Zct&KID=unistore,video",无,2020-02-14 11:25,无,822,61,77
Iu8BKg8E3,【中国最大鲜切花交易市场：#情人节玫瑰价格仅去年1/3#，恢复交易后#一天上百万支玫瑰被销毁#】2020年情人节，花卉产业面临需求很低、供应很少、运输成本极高困境。中国乃至亚洲最大的云南斗南花卉市场数据显示，鲜花交易量、供应量不足去年同期一半，批发价格仅去年1/3，甚至更低。2月10日上百万枝鲜花被销毁。老板联播的微博视频                                ,无,无,无,2020-02-14 11:24,无,42,12,11
Iu8cUrNij,#蜡笔小新打电话视频教程# #今年的情人节都是异地恋# 大家待在家里一定无聊的很，听说@搜狗输入法 蜡笔小新语音变声突然火了！大家玩了吗？明天就是情人节了，教你如何用【蜡笔小新】的声音表白  快戳视频看看吧~ 网易新闻客户端的微博视频 ,无,"http://f.video.weibocdn.com/YAEOvqXzlx07AWpY8o7u010412003s0l0E010.mp4?label=mp4_hd&template=544x960.24.0&trans_finger=7c347e6ee1691b93dc7e5726f4ef34b3&Expires=1585005757&ssig=9b%2FDsBrnPm&KID=unistore,video",无,2020-02-14 10:23,无,128,13,23
Iu83zij1y,每天刷到大量疫情信息，你是否被困扰且心生焦虑？生病了怎么办？怎样判断自己的感冒是普通感冒还是新型冠状病毒感染？来做一个简单的居家小测试吧，做好自我防护比什么都重要！>>新冠肺炎居家自测题 https://m.bendi.163.com/fps/frontends/local_special_2019/xinguan/index.html?from=groupmessage 原图,http://wx3.sinaimg.cn/large/75b52ed2gy1gbv061zzsgj20ku112k4i.jpg,无,无,2020-02-14 10:00,微博 weibo.com,4,0,1
ItArtCQKT,【中国红十字会：汲取湖北省红十字会失职失责教训】2月8日，北京市红十字会、青海省红十字会重症患者救护转运车队16人抵达武汉，与武汉同济医院工作对接，协助做好重症患者救护转运工作。江苏省无锡市红十字会协助办理海外捐赠医用防护物资清关手续，实现疫情防控物资通关“零延时”。湖南省益阳市红十字会组织红十字志愿者慰问抗疫一线工作人员。北京市红十字会999紧急救援中心派出救护车418辆次，受理发热病人用车41辆次；自1月22日至2月8日，999紧急救援中心已累计出车7383辆次，受理发热病人用车499辆次。甘肃省红十字会在省联防联控领导小组物资保障组统一部署下，与省工信厅、卫健委、药监局联合开展捐赠物资查验工作，重点对急需医用物资进行检查、统一登记。山西省红十字会积极联系省财政厅，增加开通5个捐赠发票开具端口，极大提高了工作效率，同时与省审计厅建立了疫情防控工作联系制度。中国红十字会：汲取湖北省红十字会失职失责教训                原图                            ,http://wx2.sinaimg.cn/large/75b52ed2ly1gbrks4xpp0j20fa0a7q2y.jpg,无,无,2020-02-10 20:25,无,327,17,83
ItzuHlcav,【湖北一家人因染病厌世从楼上撒钱?警方:熊孩子惹事】近日，网传一段某小区高楼往下撒钱的视频，配以“湖北随州一家人全部感染，元宵节有人从27楼撒钱”的文字，引发部分网民恐慌。10日下午，随州警方对此辟谣：系谣言。经核实，视频实为小区业主家3岁熊孩子趁父母不注意，在阳台把钱当纸片抛撒，并非因感染病毒，厌世所致。湖北一家人因染病厌世从楼上撒钱?警方:熊孩子惹事            [组图共6张]    原图                            ,无,无,无,2020-02-10 18:00,无,178,10,43
ItyALr7cf,面对疫情不恐慌，让我们和@陈都灵  一起学会自我心理调节，避免过度焦虑，理性应对，科学防疫。一起为武汉加油，一起为中国加油！  网易新闻客户端的微博视频 ,无,"http://f.video.weibocdn.com/004xSoVjlx07AQon8FB60104120094Gp0E010.mp4?label=mp4_hd&template=960x480.25.0&trans_finger=62b30a3f061b162e421008955c73f536&Expires=1585005794&ssig=b56Y3xgQrJ&KID=unistore,video",无,2020-02-10 15:42,微博视频,38,5,12
ItxYroSnE,【宁波生猛大爷去买菜 脱衣游泳绕过桥上测温点封锁】2月7日，浙江宁波。一位大爷现场脱下衣服和口罩，游泳过河绕过封锁。据目击者称，大爷是到隔壁村菜市场，但是通过桥上测温点时不配合办理通行证，村长控制不了就把门关上了，大爷就索性游泳过了河。宁波生猛大爷去买菜 脱衣游泳绕过桥上测温点封锁 一手video的秒拍视频 ,无,"http://miaopai.video.weibocdn.com/004rZA0Jlx07AQ7LiGRW01041200eyk50E013.mp4?label=mp4_hd&template=480x852.25.0&trans_finger=62b30a3f061b162e421008955c73f536&Expires=1585005794&ssig=f%2FpJ0Z0xbp&KID=unistore,video",无,2020-02-10 14:08,无,2566,249,819
ItxIbsKS4,【武汉洪山区最牛小区:1766位住户无一感染 无一疑似】武汉华大家园小区共有1766位住户，经过社区、物业和业主共同努力，截至2月9日无一例感染、无一例疑似，被网友称为“武汉洪山区最牛小区”。据悉，1月20号起，该小区仅保留一个出入口，严格禁止外来人员和车辆进入，并每天对住户进行体温测量。此外，物业对小区公共区域开展消杀工作，呼吁住户不要出门，集中给业主圈存煤气卡，把米面油和菜送到住户家门口，给住户发放预防中药、口罩和消毒水等。视频-武汉市最牛小区！1766户无一例感染 无一例疑似  武汉洪山区最牛小区:1766位住户无一感染 无一疑似                                ,无,无,无,2020-02-10 13:28,无,230,28,55
Itxz85f5k,【发改委专家:人口流动是SARS时6倍 大城市面临大考】城市问题研究专家、国家发改委城市中心研究员冯奎表示，现在全国人口流动的规模大约是17年前（SARS）的6倍，春节及返乡及节后返岗又推动形成流动峰值。未来4周，北京、上海、南京、杭州、深圳、广州、成都、重庆、长沙、合肥等大城市，可以说将面临严峻考验。发改委专家:人口流动是SARS时6倍 大城市面临大考                原图                            ,http://wx4.sinaimg.cn/large/75b52ed2ly1gbr82y7amsj20q40hfqbs.jpg,无,无,2020-02-10 13:06,无,75,16,23
Itxw5d4Kr,【内蒙古一病例故意隐瞒病情 被立案侦查】2月8日，巴彦淖尔市乌拉特中旗公安局依法对故意隐瞒武汉旅居史和发热病史的新冠肺炎患者赵某某立案侦查。经侦查，1月21日，赵某某由武汉途经包头、临河，22日到达乌拉特中旗父母家中，故意隐瞒其武汉旅居史和发热病史，多次外出与人接触，赵某某本人及2名亲属已被确诊为新冠肺炎确诊病例，造成多人被治疗或集中医学隔离。因涉嫌过失以危险方法危害公共安全罪，赵某某被公安机关立案侦查，并采取相关措施隔离收治。内蒙古一病例故意隐瞒病情 被立案侦查!                原图                            ,http://wx4.sinaimg.cn/large/75b52ed2ly1gbr7v59iqij20u01s3teu.jpg,无,无,2020-02-10 12:58,无,29,2,11
Itxo9g70n,【第92届奥斯卡金像奖完整获奖名单】第92届奥斯卡金像奖在美国洛杉矶好莱坞举行颁奖典礼，《小丑》、《1917》、《好莱坞往事》、《寄生虫》等多部热门影片对24个奖项展开角逐。《寄生虫》成为最大赢家，获得四座小金人。本届奥斯卡金像奖完整获奖名单如下：最佳影片：《寄生虫》最佳导演：奉俊昊（《寄生虫》）最佳男主角：华金·菲尼克斯（《小丑》）最佳女主角：芮妮·齐薇格（《朱迪》）最佳男配角：布拉德·皮特（《好莱坞往事》）最佳女配角：劳拉·邓恩（《婚姻故事》）最佳原创剧本：《寄生虫》最佳改编剧本：《乔乔的异想世界》最佳动画长片：《玩具总动员4》最佳国际影片（原最佳外语片）：《寄生虫》最佳纪录长片：《美国工厂》最佳摄影：《1917》最佳剪辑：《极速车王》最佳音效剪辑：《极速车王》最佳音响效果：《1917》最佳艺术指导：《好莱坞往事》最佳服装设计：《小妇人》最佳化妆与发型设计：《性感炸弹》最佳视觉效果：《1917》最佳原创配乐：《小丑》Hildur Gunadóttir最佳原创歌曲：(I’m Gonna) Love Me Again《火箭人》最佳动画短片：《发之恋》最佳纪录短片：《女孩的战地滑板课》最佳真人短片：《邻居的窗》92届奥斯卡：《寄生虫》成最大赢家 获四座小金人            [组图共2张]    原图                            ,无,无,无,2020-02-10 12:39,无,35,27,18
ItfMVEEkg,2020才刚刚开始，这个世界就好像一直在提醒我们：要学会珍惜！但世事无常#2020 太南了#，#重启2020# 反而成了我们此时最想实现的愿望。如果有这样一个机会，让你可以重启2020年，你会以怎样的姿势重新开始呢？你又希望重新许下怎样的新年愿望呢？点击右侧链接，重启你的2020！http://t.cn/A6PepFwe 原图,http://wx4.sinaimg.cn/large/75b52ed2ly1gbp1lk77tpj20s60e3ndn.jpg,无,无,2020-02-08 15:50,无,14,2,10
It60HFrFU,【1人打麻将致多人感染 乡政府没收600多张幺鸡】2月6日，浙江宁波疫情防控发布会上特别通报一起打麻将聚集案例，1人打麻将致多人感染。在浙江衢州九华乡，乡政府工作人员为阻止聚众打麻将，挨家上门劝说，两天没收600多张幺鸡，并统一标注保存，疫情过后再发还。1人打麻将致多人感染 乡政府没收600多张幺鸡 一手video的秒拍视频                                ,无,无,无,2020-02-07 14:57,无,141,19,45
It5vK9nUC,【武汉:物资尽量捐给红十字会 避免增加医院查验负担】2月7日，武汉市市场监督管理局发布消息称， 在当前抗击新型肺炎疫情的紧要时刻，社会各界及个人通过不同途径踊跃捐赠口罩等医用防护物质，捐赠对象主要是市红十字会，但也有定向捐赠给指定医疗机构的情形。市红十字会接受的捐赠物资一律暂存国博中心，经过入库验收，分区分类定位存放，再以最快的速度分发出去，有效防止假冒伪劣产品流入医疗机构。呼吁广大爱心人士，在组织捐赠医用物质前，先熟悉掌握医院所需物质的品种和标准，并尽量通过红十字会统筹实现捐赠，以免绕开红十字会定向捐赠后，增加医院查验负担，带来安全风险。武汉:物资尽量捐给红十字会 避免增加医院查验负担                原图                            ,http://wx3.sinaimg.cn/large/75b52ed2ly1gbns8731cgj20ga0cxjsf.jpg,无,无,2020-02-07 13:40,无,2246,94,395
It5smnFrv,【国家监委派调查组赴武汉 调查涉李文亮医生有关问题】据中央纪委国家监委网站，经中央批准，国家监察委员会决定派出调查组赴湖北省武汉市，就群众反映的涉及李文亮医生的有关问题作全面调查。http://t.cn/A6PrS9gV 原图,http://wx3.sinaimg.cn/large/75b52ed2ly1gbnrziv8f8j20u00e1gmj.jpg,无,无,2020-02-07 13:32,无,1255,224,209
It4Fr95a2,【莫让消毒变“放毒”，家庭消毒这样做才安全！】面对疫情，很多家庭储存不少酒精、84消毒液等消毒产品。但是，这些消毒用品也极易引发火灾，尤其是存储量较多的情况下，简直是在家中埋下了“不定时炸弹”。那么，如何正确使用消毒产品呢？本期《一图读懂健康》之【新型冠状病毒感染的肺炎系列科普】，教你安全的做好家庭消毒。@网易健康 莫让消毒变“放毒”，家庭消毒这样做才安全！                原图                            ,http://wx1.sinaimg.cn/large/75b52ed2ly1gbnoi3u0pfj20ku9atawt.jpg,无,无,2020-02-07 11:32,无,16,16,2
It4BweEC3,【华南农业大学：穿山甲为新冠病毒潜在中间宿主】华南农业大学、岭南现代农业科学与技术广东省实验室沈永义教授、肖立华教授等科研人员联合中国人民解放军军事科学院军事医学研究院杨瑞馥研究员及广州动物园科研部陈武高级兽医师开展的最新研究表明，穿山甲为新型冠状病毒潜在中间宿主。这一最新发现将对新型冠状病毒的源头防控具有重大意义。http://t.cn/A6Pr70BV                原图                            ,http://wx1.sinaimg.cn/large/75b52ed2ly1gbno824jn2j20sf0iy75k.jpg,无,无,2020-02-07 11:22,无,169,31,59
It4vvjH8M,【武汉市政府：对李文亮医生坚守一线抗击疫情表示敬意】7日上午，武汉市政府网站发布公告：武汉中心医院李文亮医生，因感染新型肺炎，经全力抢救无效不幸去世。我们深表哀悼，万分惋惜！对其坚守一线抗击疫情表示敬意，对其家人表示诚挚慰问！ @人民日报 原图,http://wx4.sinaimg.cn/large/75b52ed2ly1gbnnsn107zj20fa0k4myk.jpg,无,无,2020-02-07 11:07,无,736,36,199
It0ivAM4B,【李文亮病危仍在ICU抢救】2月6日，经《中国新闻周刊》核实，武汉市中心医院眼科医生李文亮病危仍在ICU抢救。此前，他因在微信群发出警示“华南水果海鲜市场确诊了7例SAR”而遭到公安部门的训诫。 《中国新闻周刊》于2月6日21时24分第一次打通武汉市中心医院重症监护室电话时，对方说正在抢救，直到23时56分最后一次致电，仍在抢救中。武汉协和医院一名医生表示，李文亮是于今晚21时30分左右停止心跳  ，但用上了ECMO（人工膜肺）进行抢救。@中国新闻周刊                原图                            ,http://wx2.sinaimg.cn/large/75b52ed2ly1gbn574jqccj20hs0no3z6.jpg,无,无,2020-02-07 00:24,无,815,145,345
IsYCRdIjE,【疫情日报02.06】在家闷着就是战士 一起战斗吧！#武汉加油##越健康 悦生活# @网易健康 原图,http://wx2.sinaimg.cn/large/75b52ed2ly1gbmxtwg3zij20ku58w4pq.jpg,无,无,2020-02-06 20:09,无,28,6,14
IsY5N9vzJ,【大理扣留浙江慈溪市受捐口罩 知情人士:已多次讨要】大理市扣留重庆、湖北黄石的口罩物资引发关注后，又被指扣留浙江慈溪市的一批受捐口罩。浙江慈溪两名市民购买11.2万只医用口罩，捐赠给慈溪市红十字会用于疫情防控工作。1月31日，该批口罩被大理州市场监督管理局扣留，尚未放行。有关人士表示，曾三次去讨要，于法、于理都没道理，并介绍称，捐的口罩从缅甸进口，非常宝贵，“再多的钱也买不回来”。大理州市场监督管理局一位人士称，“我们部门没有扣留，请你们联系卫健委”。而记者致电大理州卫健委，电话无法接通。大理扣留浙江慈溪市受捐口罩 知情人士:已多次讨要                原图                            ,http://wx4.sinaimg.cn/large/75b52ed2ly1gbmvgnu1e5j20ry25t45s.jpg,无,无,2020-02-06 18:47,无,3450,403,622
IsCLf0r8V,【香港现首例新冠肺炎死亡病例:曾去武汉 其母也确诊】2月4日，一位39岁的家住香港黄埔的新型冠状病毒男性感染者死亡。该患者系香港首例死亡病例。他于1月21日乘搭高铁由香港到武汉(G306列车)，并于1月23日从长沙南站乘坐高铁返港(G79列车)。此外，该名男病人72岁的母亲在2月2日也确诊患病，目前情况稳定。香港现首例新冠肺炎死亡病例:曾去武汉 其母也确诊                原图                            ,http://wx3.sinaimg.cn/large/75b52ed2ly1gbk9avhgylj20ek07l3yl.jpg,无,无,2020-02-04 12:29,无,20,4,10
IstJmCWOK,【小心！广州首次在门把手上发现新型冠状病毒踪迹】2月3日，广州市疾控中心通过对确诊患者居住外环境的监测、检查中发现，一名患者铁门门把手上出现新型冠状病毒2019-nCoV踪迹。这是广州首次在外环境中发现，专家提醒，市民更需注意手卫生，日常家居细节中，有许多可能造成病毒间接传播的途径：如手机屏幕、电脑键盘、水龙头等等，都需要日常清洁。广州日报的微博视频 小心！广州首次在门把手上发现新型冠状病毒踪迹                                ,无,无,无,2020-02-03 13:30,深度报道 · 视频社区,49,26,23
IstH7pVi6,@网易新闻客户端：我在北京，我和@第一财经商业数据中心 发起#在家办公为国加油#的公益倡导，有态度的新闻资讯实时更新，共同抗击疫情为祖国加油，请转发支持！ 原图,http://wx2.sinaimg.cn/large/75b52ed2ly1gbj59y37vgj23h1669kjn.jpg,无,无,2020-02-03 13:24,无,22,5,4
Is6vczM7L,【中成药双黄连口服液火速脱销 但质疑声也跟着来了】1月31日从中国科学院上海药物所获悉，该所和武汉病毒所联合研究初步发现，中成药双黄连口服液可抑制新型冠状病毒。消息一出，多家网店双黄连均已断货。然而，不少网友也发来质疑，“这个药到底真的有用吗”；更有辟谣贴称，“尚无证据”表明双黄连对新型冠状病毒有效。对此，你怎么看？中成药双黄连口服液火速脱销 但质疑声也跟着来了            [组图共4张]    原图                            ,"http://ww2.sinaimg.cn/large/75b52ed2ly1gbgavyqqvaj20k00dgq3q.jpg,http://ww3.sinaimg.cn/large/75b52ed2ly1gbgavyy8o9j20u00sgdhr.jpg,http://ww4.sinaimg.cn/large/75b52ed2ly1gbgavzdzmbj20k00d2t9l.jpg,http://ww1.sinaimg.cn/large/75b52ed2ly1gbgavzlsb8j20k016nq5r.jpg",无,无,2020-02-01 02:22,无,622,37,158
IrSowqV4N,【武汉两名抗疫医生被患者家属打伤 警方介入】1月29日，武汉市第四医院两名医生遭一名新型冠状病毒肺炎患者家属殴打，防护服被撕扯，警方已经介入调查。据悉，打人家属疑因患者死亡而殴打两名医生。其中一名医生表示，不希望在此时因此事受到太多关注，更多希望能够齐心合力战胜疫情。武汉两名抗疫医生被患者家属打伤 警方介入                原图                            ,http://wx2.sinaimg.cn/large/75b52ed2ly1gbeklsmvu7j20ht0dddg4.jpg,无,无,2020-01-30 14:27,无,642,71,146
IrLg9s4rx,共抗疫情，用科技助力教育。网易有道智云为全国中小学校提供“免费录播直播教学系统”！[加油] 原图,http://wx3.sinaimg.cn/large/75b52ed2ly1gbdp3mbo3wj20u01swalb.jpg,无,无,2020-01-29 20:17,无,48,8,7
IrJi7lFhS,【抗击疫情，网易一直在行动！】1、追加捐赠1亿元，设立疫情专项防控基金。2、筹措购买近千万防控急需医疗物资。3、免费防护口罩、防护用品，已帮助20余万人。4、率先免费提供线上课程，惠及近6万学生和家长。病毒无情人有情。网易将持续关注疫情的发展，与全国人民同舟共济，共克时艰。我们有信心打赢这场必胜之战！                原图                            ,http://wx1.sinaimg.cn/large/75b52ed2ly1gbdg9084vcj20m81sg4qp.jpg,无,无,2020-01-29 15:16,iPhone X,569,112,85
IrGJ1xKsk,【突发：白宫表示考虑取消中美间所有航班】当地时间1月28号，根据美国媒体报道，两位美国政府官员向美媒透露，白宫考虑取消中美之间所有航班。白宫已经在28号告知美国多家航空公司高管，由于担心新型冠状病毒疫情，考虑取消中美间所有航班。（总台记者 刘骁骞）突发：白宫表示考虑取消中美间所有航班 ,无,无,无,2020-01-29 08:44,iPhone X,138,22,41
IrGHxmJvi,【美国排除32例疑似新冠肺炎病例 平均5小时检测1例】中新社休斯敦1月27日电 美国疾病控制和预防中心(CDC)27日在媒体电话会议中称，自2020年1月21日起，该机构累计接收了110个疑似新型冠状病毒感染的肺炎病例样本。截至目前，其中5例新型冠状病毒检测呈阳性，32例呈阴性，尚有73例疑似病例正在排查中。美国排除32例疑似新冠肺炎病例 平均5小时检测1例                                ,无,无,无,2020-01-29 08:41,iPhone X,34,3,40
IrBQU3xxc,"【男子网上称""宁愿疫情死千人不愿科比死"" 被拘7日】1月27日，江苏徐州。网友“刚子”在微信群发言称“宁愿疫情扩散，死上千人，也不愿看到科比离开世上的消息”。当日，“刚子”涉嫌寻衅滋事被徐州警方行政拘留7日。男子网上称""宁愿疫情死千人不愿科比死"" 被拘7日 澎湃新闻的微博视频 ",无,"http://f.video.weibocdn.com/000UCclBlx07AvKOqvry010412003FTw0E010.mp4?label=mp4_hd&template=852x480.25.0&trans_finger=62b30a3f061b162e421008955c73f536&Expires=1585005893&ssig=T%2FT78u%2FIKB&KID=unistore,video",无,2020-01-28 20:20,无,919,47,292
IrAFV9C6m,【打赢疫情防控阻击战 习近平给出四个关键词】1月25日，农历正月初一，习近平总书记主持召开中共中央政治局常务委员会会议，专门听取新型冠状病毒感染的肺炎疫情防控工作汇报，对疫情防控特别是患者治疗工作进行再研究、再部署、再动员。“只要坚定信心、同舟共济、科学防治、精准施策，我们就一定能打赢疫情防控阻击战。”会议中，对于如何打赢疫情防控阻击战，习近平明确给出了四个关键词。打赢疫情防控阻击战 习近平给出四个关键词                原图                            ,http://wx1.sinaimg.cn/large/75b52ed2ly1gbcedk1gytj20hs0dvabq.jpg,无,无,2020-01-28 17:20,iPhone 11 Pro Max,26,15,0
Irm2Awypr,【外媒：前NBA巨星科比在一起直升飞机事故中去世】美国ESPN等报道，美国当地时间周日（1月26日）早上，加州一架直升飞机坠机，前NBA球员科比布莱恩特是遇难者之一，享年41岁。据报道，科比搭乘的私人直升飞机在加利福尼亚州的卡拉巴萨斯市失事，当时他身边还有至少三名乘客，机上5人全部去世，他的妻子瓦妮莎并不在其中。外媒：前NBA巨星科比在一起直升飞机事故中去世            [组图共2张]    原图                            ,"http://ww2.sinaimg.cn/large/75b52ed2ly1gbalvgbugcj20u00qpjtp.jpg,http://ww1.sinaimg.cn/large/75b52ed2ly1gbalvgh0qyj209m09mjri.jpg",无,无,2020-01-27 04:05,无,150,81,92
IqQByy1qn,#咪咕春晚季##VR看春晚鼠你梗最多#年年精彩，画质飞跃！2020央视春晚，上@咪咕视频 体验4k+vr ，共度新春盛宴，一起迎接庚子鼠年2020春晚，这儿都有【http://t.cn/A6PZfnbM】 咪咕视频的微博视频  ,无,"http://locallimit.us.sinaimg.cn/001U4mHjgx07AnUAbXG8010412006CKA0E010.mp4?label=mp4_hd&template=844x480.25.0&trans_finger=62b30a3f061b162e421008955c73f536&Expires=1585005895&ssig=Ar1IWwPDZM&KID=unistore,video",无,2020-01-23 20:03,无,45,1,11
IqOVqD474,"网易新闻上线【肺炎疫情】频道，实时滚动更新“新型肺炎”疫情地图、预防措施及最新辟谣，详情见>>>新型肺炎扩散全国多地 武汉""封城"" [组图共2张]原图","http://ww3.sinaimg.cn/large/75b52ed2ly1gb6jkkazelj20u01qth1t.jpg,http://ww1.sinaimg.cn/large/75b52ed2ly1gb6jkklzgej20u01qpwnp.jpg",无,无,2020-01-23 15:46,无,34,7,10
IqIkKegFz,#深夜饭馆#【糖醋带鱼】快过年了，教你一道能大显身手的硬菜，用这几个秘诀做出来，色香味俱全，能轻松征服家人的胃！一家三口美食的微博视频 ,无,"http://f.video.weibocdn.com/002GnrcWlx07AbcLUkgg01041201ibP30E010.mp4?label=mp4_hd&template=852x480.25.0&trans_finger=1621fcd5d40969f1c74e6b06e52fcd54&Expires=1585005896&ssig=5GchcA%2Bues&KID=unistore,video",无,2020-01-22 23:00,烹饪教程 · 视频社区,91,97,17
IqI8zg5qv,#深夜尬聊# 用一道菜说明你是哪里人。 原图,http://wx3.sinaimg.cn/large/75b52ed2ly1gb1suumib0j207g07g74e.jpg,无,无,2020-01-22 22:30,微博 weibo.com,107,5,97
IqFv228c8,【朝阳医院伤医事件两人阻拦被砍伤 被认定见义勇为】1月20日，朝阳医院眼科医生陶勇（男，39岁）与其助理刘平（女，39岁）出诊时被一名男子持刀砍伤。事发时，上前阻拦的患者家属田宇（女，43岁，广东省深圳市人）与医生杨硕（男，43岁）被砍伤。今天，记者从北京市民政局获悉，两位上前阻拦者被认定为见义勇为，向其颁发北京市见义勇为人员奖章、证书和奖金。朝阳医院伤医事件两人阻拦被砍伤 被认定见义勇为            [组图共2张]    原图                            ,"http://ww1.sinaimg.cn/large/75b52ed2ly1gb5dyksvjqj20u00gwmxu.jpg,http://ww2.sinaimg.cn/large/75b52ed2ly1gb5dykyv5zj20u00gw0tf.jpg",无,无,2020-01-22 15:47,无,189,12,15
IqEZkmQva,地铁守护人 | 你或许看不到，但他们的守护不会迟到！致敬城市守护者，致敬所有春节依然坚守在一线的工作人员！@交通北京 #京彩春运##京彩述年##春运路上随手拍##过年前最后两天# http://t.cn/A6vkJIOi 交通北京的微博视频 ,无,"http://f.video.weibocdn.com/001hTQKQlx07z2FuQ0pq01041201qGA10E010.mp4?label=mp4_hd&template=852x480.25.0&trans_finger=62b30a3f061b162e421008955c73f536&Expires=1585005909&ssig=VnZ2IQIL8H&KID=unistore,video",无,2020-01-22 14:29,无,23,3,9
IqyUfCxKq,#深夜饭馆#【五花肉做年菜！】快过年了，五花肉就这样做，一次秘制3斤，香而不腻，解馋！小颖美食频道的微博视频 ,无,"http://f.video.weibocdn.com/000NhDZJlx07Afmg7zgs010412021Wtf0E010.mp4?label=mp4_hd&template=856x480.25.0&trans_finger=1621fcd5d40969f1c74e6b06e52fcd54&Expires=1585005909&ssig=h4yBi%2BZHwm&KID=unistore,video",无,2020-01-21 23:00,烹饪教程 · 视频社区,122,101,20
IqyI4kTWs,#深夜尬聊# 一句话证明你看过春晚 原图,http://wx1.sinaimg.cn/large/75b52ed2ly1gb1sti795vj20zk0k0wg8.jpg,无,无,2020-01-21 22:30,微博 weibo.com,78,12,155
Iqx2jbui1,【年货凶猛 你的春节还好吗？】灯笼已占领街道，春联在商场派发，年夜饭身价倍增，一大波久违的唠叨即将到达战场……礼单上，最想重视的是父母，最易忽视的往往也是。置办一套让全家满意的年货着实不易，但比金钱分量更重的，是礼物背后有温度的亲情。忙碌了一年，阖家团圆，拉着手散散步话话家常，教教新潮APP的使用方法……请别忘记，最珍贵的礼物是陪伴。            [组图共3张]    原图                            ,"http://ww4.sinaimg.cn/large/75b52ed2ly1gb4ch7ycu7j20to3947wi.jpg,http://ww3.sinaimg.cn/large/75b52ed2ly1gb4ch7x7ywj20u03aejy9.jpg,http://ww3.sinaimg.cn/large/75b52ed2ly1gb4ch84c4ej20u032x4qp.jpg",无,无,2020-01-21 18:14,微博 weibo.com,13,2,2
IqvGm68pk,【朝阳医院医生被伤后 其他医生接替看病：我来给你们看病】1月20日，北京朝阳医院发生一起医生被袭击事件。目前，3名受伤医护人员及1名受伤群众正在医院接受治疗，暂无生命危险。犯罪嫌疑人已被朝阳公安分局依法刑事拘留。在医生受伤后，他的同事接替来医治剩下的患者……朝阳医院医生被伤后 其他医生接替看病：我来 青蜂侠Bee的秒拍视频                                ,无,无,无,2020-01-21 14:47,微博 weibo.com,108,49,20
IqvBNjkdL,大兴机场VLOG | 春运坐飞机回家？小姐姐带你解锁大兴机场的正确打开方式~@邱雪霏Chivalry #京彩春运##京彩述年##了不起的中国制造##春运vlog#  网易新闻客户端的微博视频 ,无,"http://f.video.weibocdn.com/004Er27Ulx07AkpZ86Q801041201WWlx0E010.mp4?label=mp4_hd&template=852x480.25.0&trans_finger=62b30a3f061b162e421008955c73f536&Expires=1585005911&ssig=7BiX788Z8G&KID=unistore,video",无,2020-01-21 14:36,微博视频,41,7,7
Iquc0luns,#网易新闻编辑部的一天#从天色未亮到黑夜伏案，是网易新闻编辑部的一天。全天候不间断报道，24小时捍卫新闻态度，我们的脚步不曾停歇。每一分钟、每一条新闻、每一次的努力与坚守，只为让你看见世界的真实模样。陪伴我们的不是黑夜，还有理想的星空。2020年，愿有你继续相伴，与我们一同追逐美好的明天！网易新闻客户端的微博视频                                ,无,无,无,2020-01-21 11:00,微博 weibo.com,176,41,55
IqtOKkK07,"【故宫院长就""奔驰门""致歉 副院长和保卫处处长停职】故宫博物院院长王旭东向公众致歉：近期发生的“开车进故宫”事件引发社会高度关注，引起公众对故宫文物保护的担忧，我代表故宫博物院再次向社会公众诚挚道歉！1月13日，经过故宫博物院批准的闭馆日活动有200余人参加。因原定停车场车位已满，我院相关部门引导车辆停放时，临时改变停车位置，未严格执行报批的接待方案，将原定的西华门内西河沿停车场，变更为午门内金水河南侧临时停车场。该区域地面是历年来不断更新的现代材料，多年来一直作为闭馆时段的车辆通道和闭馆日活动的临时停车场所。此次事件反映出我院在内部管理和社会服务中存在的短板不足。经研究决定，对负有领导责任的故宫博物院分管副院长和保卫处处长停职检查。我院将汲取教训，以此为戒，全面加强管理，认真进行整改。对故宫内所有车辆通道、停放场所进行排查，确保不对故宫文物造成损害，确保故宫安全，全力守护好故宫，为社会提供更多更好的公共服务。故宫院长就""奔驰门""致歉 副院长和保卫处处长停职 梨北京的秒拍视频                                ",无,无,无,2020-01-21 10:02,无,312,18,82
IqtNEpc5x,#墨迹鼠年新气象# 认真拼搏的态度，就是对生活的致敬。新春佳节，网易新闻携手墨迹天气送福利给勤劳的你：打开墨迹天气APP参与<全民领现金>，赢取188元春运红包。愿我们在鼠年继续陪你度过每一个阴晴雨雪，第一时间获悉最新资讯风云。关注@墨迹天气 @网易新闻客户端 转发微博并@ 3位好友，除夕当晚抽1位小伙伴送出价值300元的京东卡及价值50元的墨迹天气会员年卡各1张~ 鼠年大吉！            [组图共2张]    原图                            ,"http://ww3.sinaimg.cn/large/75b52ed2ly1gb2us9uwz5j20ku1121ky.jpg,http://ww1.sinaimg.cn/large/75b52ed2ly1gb2us9pbjfj20ku1121kx.jpg",无,无,2020-01-21 10:00,微博 weibo.com,162,579,203
IqptL4EHj,#深夜饭馆#【自制焗鸡腿】电饭锅就能做的美食，厨房小白轻松上手，鸡腿又嫩又入味，一个人解决一锅没问题。晚上还不给自己加鸡腿么？文艺吃货青年的微博视频 ,无,"http://f.video.weibocdn.com/000nplOWlx07zIGZzrio01041200eiQ80E010.mp4?label=mp4_hd&template=576x1024.24.0&trans_finger=7c347e6ee1691b93dc7e5726f4ef34b3&Expires=1585005915&ssig=7ZgOwjc0sh&KID=unistore,video",无,2020-01-20 23:00,微博 weibo.com,94,55,11
IqphA7zj1,#深夜尬聊# 你买过的最贵的东西是什么？ 原图,http://wx1.sinaimg.cn/large/75b52ed2ly1gb1spg1pgcj20dw0aft9i.jpg,无,无,2020-01-20 22:30,微博 weibo.com,27,3,52
IqoPTBSLR,【“武汉肺炎”最新情况：确诊218例】目前全国确诊病例218例，武汉市198例，广东省14例，北京市5例，上海市1例。此外还有疑似病例7例，四川省2例，云南省1例，上海市1例，广西壮族自治区1例，山东省1例。 原图,http://wx4.sinaimg.cn/large/75b52ed2ly1gb3ce8rxqaj20ku112tce.jpg,无,无,2020-01-20 21:21,无,113,71,46
Iqnldt6gR,【三旬男子在北京朝阳医院持菜刀伤人致4人受伤 警方通报】1月20日14时许，朝阳医院门诊楼内一男子持菜刀伤人后逃离。民警在医院安保人员配合下，将该男子（崔某，36岁）抓获。目前，3名受伤医护人员及1名受伤群众正在医院接受治疗，暂无生命危险。犯罪嫌疑人已被警方依法刑事拘留，案件正在进一步调查中。警方通报朝阳医院伤医事件:4人受伤 嫌疑人被刑拘                原图                            ,http://wx3.sinaimg.cn/large/75b52ed2ly1gb35snmgimj20g00b8dg7.jpg,无,无,2020-01-20 17:33,无,65,9,28
IqngDtLUP,"【省级期刊发""娶刘亦菲可行性报告"" 回应:管理不规范】据网友反映，山西三晋报刊传媒集团主办的《政府法制》期刊刊登一篇《本人娶刘亦菲的可行性报告》，文章写道“鄙人每次见到刘亦菲娇美的面容都惊为天人：此女只应天上有，人间哪得几回见”，被质疑内容恶俗，省级法制类期刊能否刊登这样的文章？《政府法制》回应，早些年管理不是很规范，刊登过这类文章；现在管理规范了，“幽默”的内容已经很少了，但有些幽默类的也可以发。省级期刊发""娶刘亦菲可行性报告"" 回应:管理不规范                原图                            ",http://wx4.sinaimg.cn/large/75b52ed2ly1gb35gxp6g7j20go0avt9m.jpg,无,无,2020-01-20 17:22,微博 weibo.com,66,13,24
Iqn08bIWy,【孙女3万贱卖爷爷数十万元祖传项链 遭责骂后要轻生】徐州一名女孩瞒着家人，把祖传的项链变卖了，这条价值数十万元的项链，被卖了3万元。女孩爷爷知道后，斥责了女孩，受责骂的女孩一时想不开，跑到楼顶扬言轻生。经过民警耐心劝说，女孩情绪逐渐平静下来，最终配合从楼顶下来。经了解，女孩2001年出生，现为一所高校的学生，从小跟着爷爷生活。女孩表示，感到自己做的不对，以后会好好上学，多与家人交流。孙女3万贱卖爷爷数十万元祖传项链 遭责骂后要轻生            [组图共2张]    原图                            ,"http://ww4.sinaimg.cn/large/75b52ed2ly1gb34alztrzj20c20dw0sw.jpg,http://ww2.sinaimg.cn/large/75b52ed2ly1gb34alzr15j20dw06lzka.jpg",无,无,2020-01-20 16:41,微博 weibo.com,1170,19,119
IqmVVzA87,京张高铁VLOG | “雪国列车”究竟什么样？冬奥会离我们还有多远？跟着小姐姐乘坐京张高铁去崇礼滑雪吧！@邱雪霏Chivalry #京彩春运# #京彩述年# #了不起的中国制造#  网易新闻客户端的微博视频 ,无,"http://f.video.weibocdn.com/002i5xmDlx07AiWZ11K001041201EzXD0E010.mp4?label=mp4_hd&template=852x480.25.0&trans_finger=62b30a3f061b162e421008955c73f536&Expires=1585005918&ssig=EZDYWiav%2BU&KID=unistore,video",无,2020-01-20 16:31,微博视频,27,4,6
IqmSpuxmi,由@i周迅 发起的#ONENIGHT给小孩电台#精心打造101期适合大人和孩子一起收听的节目，每晚10分钟陪伴共读探索世界。蔡康永、郭麒麟、高圆圆、井柏然、刘诗诗、刘雯、李云迪、倪妮、舒淇、沈腾、谭卓、王源、肖战、张静初、张梓琳、海龟先生、Nova Heart、盘尼西林乐队等陆续加入童心陪伴主播。从陪伴开始，给小孩无差别的爱。节目净收益都将捐赠特殊儿童机构用于帮助他们的成长与发展。以买代捐，每一份付出都是一束微光！#ONENIGHT#@ONENIGHT给小孩            [组图共9张]    原图                            ,"http://ww1.sinaimg.cn/large/75b52ed2ly1gb33qbw5sij20ku3wnu0x.jpg,http://ww2.sinaimg.cn/large/75b52ed2ly1gb33qdgoigj20u01904qq.jpg,http://ww1.sinaimg.cn/large/75b52ed2ly1gb33qet772j20u0190x6p.jpg,http://ww1.sinaimg.cn/large/75b52ed2ly1gb33qgleefj20u0190npe.jpg,http://ww3.sinaimg.cn/large/75b52ed2ly1gb33qhtdi7j20u0190kjm.jpg,http://ww1.sinaimg.cn/large/75b52ed2ly1gb33qj7ttij20u0190qv6.jpg,http://ww3.sinaimg.cn/large/75b52ed2ly1gb33qkhprxj20u017nnpe.jpg,http://ww4.sinaimg.cn/large/75b52ed2ly1gb33qm7msnj20u017n4qr.jpg,http://ww1.sinaimg.cn/large/75b52ed2ly1gb33qnrgynj20u017nb2a.jpg",无,无,2020-01-20 16:22,微博 weibo.com,181,30,117
IqmJh3SxK,#暖冬新愿#春节将至，全新的一年即将开始，偏远山区孩子的心愿等你关注。我们与公益推广大使@Crystal张天爱 一起，邀请有爱的你动动手指，为孩子们实现愿望。转发此条微博，我们将于2月4日抽取5名用户，送你一套精美的爱心文件夹！http://t.cn/A6vE4a73 原图,http://wx1.sinaimg.cn/large/75b52ed2ly1gb2xla90n6j20u01nz7sa.jpg,无,无,2020-01-20 16:00,微博 weibo.com,87,78,52
IqmkVmGZ0,#暖冬新愿#有一群孩子，他们生活在偏远山区，他们的新年有一个小小的心愿。我们与@西部阳光基金会 共同发起了“暖冬新愿”公益活动，与我们的公益伙伴们一起，邀请大家动动手指，满足孩子的小愿望，给他们一个温暖的冬天。转发此条微博，我们将于2月3日抽取3名爱心用户，送出印着孩子们画作的环保袋！http://t.cn/A6vE4a73                原图                            ,http://wx3.sinaimg.cn/large/75b52ed2ly1gb2xmeqmhdj20u01nzawk.jpg,无,无,2020-01-20 15:00,微博 weibo.com,14,31,17
Iqm2Mratg,【一图看懂“武汉肺炎”】要点总结：1. 这个病毒是2003年SARS的近亲，但传染性比SARS低，致死率也不高；2. 境外病例几乎都有去过武汉的经历；3. 华南海鲜市场距离汉口火车站只有900米；4. 专业人士指出，“武汉肺炎”的潜伏期在14天以内；5. 带别的口罩没用，必须带外科口罩和N95口罩；6. 武汉的最新通报删除了“有限人传人”及“持续人传人风险较低”的说法。                原图                            ,http://wx3.sinaimg.cn/large/75b52ed2ly1gb302fhpvdj20kv89n7wi.jpg,无,无,2020-01-20 14:15,微博 weibo.com,1617,320,242
Iql3ocvnJ,【赵忠祥追悼会举行 杨澜倪萍朱军毕福剑等到场送别】1月20日上午，赵忠祥遗体告别仪式在北京八宝山殡仪馆举行，杨澜、倪萍、朱军、毕福剑、董浩、朱迅、范曾、于月仙、朱时茂、陈佩斯、王为念、梦鸽、孙正平等众多其生前好友到场送其最后一程。现场大屏循环播放着赵忠祥昔日节目片段，大家熟悉的《动物世界》配乐再现，不少群众也冒着严寒自发到场悼念。赵忠祥追悼会举行 杨澜倪萍朱军毕福剑等到场送别            [组图共3张]    原图                            ,"http://ww3.sinaimg.cn/large/75b52ed2ly1gb2vp3flawj20u00mi76g.jpg,http://ww3.sinaimg.cn/large/75b52ed2ly1gb2vp3qsfaj20u00k0dgy.jpg,http://ww4.sinaimg.cn/large/75b52ed2ly1gb2vp3wqgnj20u013qjsx.jpg",无,无,2020-01-20 11:44,无,173,14,41
IqkXJ8BVe,"【""故宫奔驰女""疑现身美国再度炫富 回怼网友3颗柠檬】1月19日，故宫奔驰女ins最新定位显示在美国拉斯维加斯。其ins账号被曝光后，曾删去所有帖子，而刚刚过去的十几小时内，她又连续发了一张自拍和所开奔驰车的视频，并且在评论里回复了网友三个柠檬。""故宫奔驰女""疑现身美国再度炫富 回怼网友3颗柠檬 [组图共3张]原图","http://ww1.sinaimg.cn/large/75b52ed2ly1gb2uyyl4qtj20fa0qdjsv.jpg,http://ww4.sinaimg.cn/large/75b52ed2ly1gb2uyyjq7rj20e00kyq8r.jpg,http://ww2.sinaimg.cn/large/75b52ed2ly1gb2uyyze44j20bh03ddgf.jpg",无,无,2020-01-20 11:30,微博 weibo.com,546,37,103
IqkScESst,【景区绑住肥猪从68米高处蹦极 下来就被送往屠宰场】1月18日，重庆景区让肥猪蹦极引热议，过程中猪不断发出叫声，不少网友质疑这涉嫌虐待动物。景区回应称，商家举办该活动本身寓意猪肉降价，并表示这头猪蹦极后并未受到损伤，活动结束后已被送往屠宰场。景区绑住肥猪从68米高处蹦极 下来就被送往屠宰场 时间视频的微博视频 ,无,"http://f.video.weibocdn.com/0005knhglx07Ah3v47QY01041200Gi5q0E010.mp4?label=mp4_hd&template=852x480.25.0&trans_finger=1621fcd5d40969f1c74e6b06e52fcd54&Expires=1585005924&ssig=KuFNsZSi9V&KID=unistore,video",无,2020-01-20 11:16,微博 weibo.com,259,40,104
IqkhYkGy0,"【三方撇清与""奔驰女""关系 为何仍无法消除公众疑虑】女子开着奔驰进故宫“撒欢儿”一事，随着网友的深扒，长春理工大学、河北师范大学、忠旺集团也被牵扯其中。三方均作出回应，撇清与该女子的关系。尽管如此，还是没能打消公众疑虑。因为这些声明，包括故宫此前的致歉，并未回答核心问题：大奔开进故宫一事是如何发生的，又为什么会发生？三方撇清与""奔驰女""关系 为何仍无法消除公众疑虑            [组图共9张]    原图                            ","http://ww4.sinaimg.cn/large/75b52ed2ly1gb2sbfx15lj20rs0wcmyx.jpg,http://ww3.sinaimg.cn/large/75b52ed2ly1gb2sbg1qkij20u00dsq3g.jpg,http://ww4.sinaimg.cn/large/75b52ed2ly1gb2sbgfbnxj20i80ld3zn.jpg,http://ww1.sinaimg.cn/large/75b52ed2ly1gb2sbgki25j20u00di74t.jpg,http://ww2.sinaimg.cn/large/75b52ed2ly1gb2sbgpeflj20sg0lc3zc.jpg,http://ww2.sinaimg.cn/large/75b52ed2ly1gb2sbgvoayj20sg0lcdgx.jpg,http://ww2.sinaimg.cn/large/75b52ed2ly1gb2sbh1f6vj20sg0lc74v.jpg,http://ww4.sinaimg.cn/large/75b52ed2ly1gb2sbh75oxj20go0nkq39.jpg,http://ww3.sinaimg.cn/large/75b52ed2ly1gb2sbhf3c8j20u008ywev.jpg",无,无,2020-01-20 09:47,无,568,41,140
IqkdElEPK,【武汉新确诊136例新型肺炎病例 北京确诊2例深圳1例】1月20日凌晨，北京、广东、武汉接连发布新型冠状病毒肺炎情况。其中，武汉18、19日新确诊病例136例，广东深圳市确诊1例，北京市大兴区确诊2例患者。这也是武汉新型冠状病毒肺炎疫情出现以来，国内首次在武汉以外的地区确诊这一疾病。武汉新确诊136例新型肺炎病例 北京确诊2例深圳1例                原图                            ,http://wx2.sinaimg.cn/large/75b52ed2ly1gb2s0gtp85j20gk09c7b6.jpg,无,无,2020-01-20 09:36,无,60,22,31
